{"stats":{"minecraft:picked_up":{"minecraft:wheat":3,"minecraft:wheat_seeds":6,"minecraft:torch":1,"minecraft:potato":80,"sophisticatedbackpacks:backpack":1,"minecraft:baked_potato":10},"minecraft:mined":{"minecraft:grass":1,"minecraft:potatoes":10,"minecraft:white_bed":1,"minecraft:oak_fence":1,"minecraft:torch":1},"minecraft:killed":{"minecraft:panda":1},"minecraft:custom":{"minecraft:time_since_rest":8813,"minecraft:open_chest":9,"minecraft:crouch_one_cm":2343,"minecraft:sprint_one_cm":19498,"minecraft:play_time":25096,"minecraft:damage_taken":410,"minecraft:walk_one_cm":54292,"minecraft:sneak_time":432,"minecraft:walk_under_water_one_cm":182,"minecraft:mob_kills":1,"minecraft:jump":321,"minecraft:damage_dealt":430,"minecraft:leave_game":3,"minecraft:walk_on_water_one_cm":377,"minecraft:time_since_death":25096,"minecraft:sleep_in_bed":1,"minecraft:total_world_time":25096,"minecraft:swim_one_cm":1087,"minecraft:fall_one_cm":5554,"minecraft:fly_one_cm":41633},"minecraft:used":{"minecraft:diamond_sword":13,"simplyswords:iron_claymore":4,"minecraft:baked_potato":5,"minecraft:potato":4}},"DataVersion":3465}