{"stats":{"minecraft:mined":{"minecraft:white_bed":1,"minecraft:oak_fence":1},"minecraft:killed":{"minecraft:panda":1},"minecraft:custom":{"minecraft:jump":121,"minecraft:open_chest":2,"minecraft:time_since_rest":13149,"minecraft:walk_on_water_one_cm":79,"minecraft:sprint_one_cm":2786,"minecraft:damage_dealt":139,"minecraft:crouch_one_cm":1291,"minecraft:leave_game":3,"minecraft:play_time":13149,"minecraft:damage_taken":30,"minecraft:time_since_death":13149,"minecraft:walk_one_cm":22441,"minecraft:sneak_time":182,"minecraft:total_world_time":13149,"minecraft:walk_under_water_one_cm":182,"minecraft:mob_kills":1,"minecraft:swim_one_cm":1087,"minecraft:fall_one_cm":2264,"minecraft:fly_one_cm":10666},"minecraft:used":{"simplyswords:iron_claymore":4}},"DataVersion":3465}