{"stats":{"minecraft:dropped":{"minecraft:iron_sword":2,"iceandfire:raw_silver":2,"minecraft:black_bed":1,"minecraft:dirt":10,"minecraft:diorite":2,"minecraft:torch":19,"minecraft:iron_pickaxe":1,"alexsmobs:animal_dictionary":1,"minecraft:cobbled_deepslate":4,"patchouli:guide_book":2,"create:scoria":1,"minecraft:andesite":18},"minecraft:used":{"minecraft:stone_sword":31,"minecraft:chest":1,"minecraft:shield":1,"minecraft:iron_sword":23,"minecraft:torch":134,"minecraft:chipped_anvil":1,"minecraft:lantern":1,"minecraft:bow":16,"minecraft:iron_leggings":1,"alexsdelight:cooked_bison":1,"minecraft:stone_pickaxe":38,"minecraft:wooden_pickaxe":59,"biomesoplenty:fir_planks":17,"minecraft:crafting_table":1,"minecraft:red_bed":4,"minecraft:diamond_pickaxe":1,"minecraft:apple":3,"minecraft:bread":21,"minecraft:iron_pickaxe":348,"minecraft:stone_axe":47,"minecraft:diamond_sword":100,"minecraft:cobblestone":59,"minecraft:cooked_porkchop":1,"alexsmobs:animal_dictionary":1,"minecraft:candle":3},"minecraft:mined":{"iceandfire:silver_ore":2,"minecraft:candle":2,"born_in_chaos_v1:infected_diamond_ore":1,"minecraft:granite":1,"biomesoplenty:bush":16,"born_in_chaos_v1:black_argillite":1,"minecraft:hay_block":11,"minecraft:raw_iron_block":1,"minecraft:furnace":1,"minecraft:iron_ore":35,"minecraft:andesite":18,"evilcraft:dark_ore":3,"minecraft:bookshelf":4,"biomesoplenty:high_grass":1,"biomesoplenty:webbing":5,"minecraft:lantern":1,"minecraft:stone":251,"minecraft:red_bed":4,"minecraft:crafting_table":2,"minecraft:chest":1,"minecraft:rose_bush":1,"biomesoplenty:high_grass_plant":8,"minecraft:tall_grass":1,"minecraft:copper_ore":1,"minecraft:cobblestone":2,"minecraft:lapis_ore":6,"minecraft:grindstone":1,"minecraft:diorite":2,"minecraft:wall_torch":1,"evilcraft:dark_ore_deepslate":2,"biomesoplenty:fir_log":37,"minecraft:grass":35,"minecraft:coal_ore":68,"minecraft:dirt":10,"minecraft:cobweb":5,"minecraft:chipped_anvil":1,"minecraft:gold_ore":2,"minecraft:deepslate":27},"minecraft:picked_up":{"minecraft:crafting_table":2,"born_in_chaos_v1:diamond_termite_shard":3,"born_in_chaos_v1:black_argillite":1,"minecraft:string":7,"minecraft:red_bed":4,"minecraft:raw_copper":3,"minecraft:armor_stand":3,"minecraft:candle":7,"minecraft:cobbled_deepslate":26,"minecraft:bucket":1,"delightful:acorn":1,"minecraft:iron_nugget":7,"minecraft:chest":1,"minecraft:furnace":1,"minecraft:raw_iron":35,"minecraft:torch":46,"minecraft:porkchop":2,"minecraft:diorite":4,"born_in_chaos_v1:pieceofdarkmetal":1,"minecraft:arrow":2,"minecraft:rotten_flesh":15,"create:scoria":1,"minecraft:hay_block":11,"alexsdelight:raw_bison":6,"minecraft:cobblestone":266,"paraglider:paraglider":1,"born_in_chaos_v1:corpse_maggot":7,"minecraft:feather":1,"minecraft:golden_carrot":1,"minecraft:andesite":19,"minecraft:black_bed":1,"exposure:aged_photograph":1,"biomesoplenty:fir_log":34,"alexsmobs:bison_fur":1,"minecraft:flint":1,"minecraft:oak_log":4,"minecraft:lapis_lazuli":42,"minecraft:dirt":10,"minecraft:lantern":2,"minecraft:bone":7,"minecraft:chipped_anvil":1,"minecraft:grindstone":1,"minecraft:iron_ingot":4,"minecraft:moss_block":6,"minecraft:iron_sword":1,"minecraft:book":9,"minecraft:dandelion":1,"minecraft:raw_iron_block":1,"evilcraft:dark_gem":22,"minecraft:granite":2,"minecraft:emerald":5,"minecraft:chainmail_helmet":1,"minecraft:coal":67,"iceandfire:raw_silver":2},"minecraft:crafted":{"minecraft:raw_iron":9,"minecraft:stone_shovel":1,"alexsdelight:cooked_bison":7,"minecraft:bow":1,"minecraft:iron_boots":1,"minecraft:stone_pickaxe":1,"minecraft:wheat":54,"minecraft:cooked_beef":2,"minecraft:cooked_porkchop":1,"minecraft:crafting_table":1,"minecraft:wooden_pickaxe":1,"minecraft:iron_sword":1,"minecraft:stone_axe":1,"minecraft:bread":18,"minecraft:air":0,"biomesoplenty:fir_planks":92,"minecraft:iron_chestplate":1,"minecraft:shield":1,"minecraft:stick":52,"minecraft:iron_ingot":15,"minecraft:stone_sword":1,"minecraft:torch":136},"minecraft:custom":{"minecraft:mob_kills":32,"minecraft:interact_with_anvil":1,"minecraft:interact_with_crafting_table":10,"minecraft:open_barrel":26,"minecraft:damage_dealt_resisted":1193,"minecraft:eat_cake_slice":8,"minecraft:leave_game":2,"minecraft:time_since_death":66078,"minecraft:climb_one_cm":18335,"minecraft:damage_resisted":208,"minecraft:sprint_one_cm":192790,"minecraft:walk_one_cm":309344,"minecraft:drop":32,"minecraft:talked_to_villager":1,"minecraft:play_time":98818,"minecraft:deaths":1,"minecraft:sneak_time":506,"minecraft:walk_under_water_one_cm":23627,"minecraft:jump":1503,"minecraft:interact_with_blast_furnace":2,"minecraft:walk_on_water_one_cm":30697,"minecraft:total_world_time":98818,"minecraft:interact_with_furnace":40,"minecraft:interact_with_cartography_table":1,"minecraft:interact_with_loom":1,"minecraft:pot_flower":1,"minecraft:interact_with_grindstone":1,"minecraft:sleep_in_bed":5,"minecraft:time_since_rest":20464,"minecraft:waystone_activated":1,"minecraft:damage_taken":1651,"minecraft:damage_dealt":5726,"minecraft:swim_one_cm":38332,"minecraft:fly_one_cm":237924,"minecraft:open_chest":50,"minecraft:crouch_one_cm":1051,"minecraft:interact_with_smoker":5,"minecraft:fall_one_cm":45799},"minecraft:killed":{"alexsmobs:raccoon":1,"born_in_chaos_v1:maggot":3,"minecraft:skeleton":4,"alexsmobs:bison":2,"minecraft:pig":2,"farlanders:rebel":1,"born_in_chaos_v1:diamond_termite":3,"born_in_chaos_v1:swarmer":1,"born_in_chaos_v1:decrepit_skeleton":2,"minecraft:zombie":5,"exoticbirds:pigeon":1,"born_in_chaos_v1:corpse_fly":6,"born_in_chaos_v1:door_knight":1},"minecraft:broken":{"minecraft:wooden_pickaxe":1}},"DataVersion":3465}