{"stats":{"minecraft:dropped":{"alexsmobs:animal_dictionary":1,"patchouli:guide_book":2},"minecraft:used":{"minecraft:stone_sword":28,"minecraft:stone_pickaxe":31,"minecraft:chest":1,"minecraft:wooden_pickaxe":59,"biomesoplenty:fir_planks":15,"minecraft:crafting_table":1,"minecraft:red_bed":1,"minecraft:apple":3,"minecraft:chipped_anvil":1,"minecraft:lantern":1,"minecraft:bread":6,"minecraft:stone_axe":39,"minecraft:cooked_porkchop":1,"alexsmobs:animal_dictionary":1,"minecraft:candle":3,"minecraft:iron_leggings":1},"minecraft:mined":{"minecraft:red_bed":2,"minecraft:candle":2,"minecraft:crafting_table":2,"minecraft:chest":1,"biomesoplenty:high_grass_plant":8,"minecraft:tall_grass":1,"minecraft:grindstone":1,"minecraft:raw_iron_block":1,"minecraft:furnace":1,"minecraft:iron_ore":12,"biomesoplenty:fir_log":37,"minecraft:grass":12,"minecraft:coal_ore":32,"biomesoplenty:high_grass":1,"minecraft:lantern":1,"minecraft:cobweb":3,"minecraft:stone":40,"minecraft:chipped_anvil":1},"minecraft:picked_up":{"minecraft:crafting_table":2,"alexsmobs:bison_fur":1,"biomesoplenty:fir_log":34,"exposure:aged_photograph":1,"minecraft:string":3,"minecraft:red_bed":2,"minecraft:lantern":2,"minecraft:armor_stand":3,"minecraft:chipped_anvil":1,"minecraft:candle":7,"minecraft:iron_ingot":4,"minecraft:grindstone":1,"minecraft:chest":1,"minecraft:furnace":1,"minecraft:raw_iron":12,"minecraft:dandelion":1,"minecraft:raw_iron_block":1,"minecraft:porkchop":1,"alexsdelight:raw_bison":6,"minecraft:chainmail_helmet":1,"minecraft:coal":31,"minecraft:cobblestone":40},"minecraft:custom":{"minecraft:interact_with_furnace":40,"minecraft:interact_with_anvil":1,"minecraft:mob_kills":4,"minecraft:interact_with_crafting_table":9,"minecraft:open_barrel":2,"minecraft:pot_flower":1,"minecraft:damage_dealt_resisted":11,"minecraft:eat_cake_slice":2,"minecraft:interact_with_grindstone":1,"minecraft:leave_game":2,"minecraft:time_since_death":6078,"minecraft:sleep_in_bed":2,"minecraft:climb_one_cm":299,"minecraft:time_since_rest":6107,"minecraft:sprint_one_cm":65524,"minecraft:damage_taken":745,"minecraft:walk_one_cm":102191,"minecraft:drop":3,"minecraft:damage_dealt":1145,"minecraft:talked_to_villager":1,"minecraft:swim_one_cm":7606,"minecraft:fly_one_cm":81644,"minecraft:open_chest":13,"minecraft:crouch_one_cm":510,"minecraft:deaths":1,"minecraft:play_time":38818,"minecraft:sneak_time":88,"minecraft:walk_under_water_one_cm":13102,"minecraft:jump":532,"minecraft:interact_with_blast_furnace":2,"minecraft:walk_on_water_one_cm":6232,"minecraft:total_world_time":38818,"minecraft:interact_with_smoker":5,"minecraft:fall_one_cm":19892},"minecraft:crafted":{"minecraft:cooked_beef":2,"minecraft:raw_iron":9,"minecraft:stone_shovel":1,"minecraft:cooked_porkchop":1,"minecraft:crafting_table":1,"minecraft:wooden_pickaxe":1,"minecraft:iron_sword":1,"minecraft:stone_axe":1,"minecraft:air":0,"biomesoplenty:fir_planks":44,"alexsdelight:cooked_bison":7,"minecraft:bow":1,"minecraft:iron_boots":1,"minecraft:iron_chestplate":1,"minecraft:shield":1,"minecraft:stick":28,"minecraft:iron_ingot":15,"minecraft:stone_pickaxe":1,"minecraft:stone_sword":1,"minecraft:torch":40},"minecraft:killed":{"minecraft:pig":1,"alexsmobs:raccoon":1,"alexsmobs:bison":2},"minecraft:broken":{"minecraft:wooden_pickaxe":1}},"DataVersion":3465}