{"stats":{"minecraft:dropped":{"alexsmobs:animal_dictionary":1,"patchouli:guide_book":2},"minecraft:used":{"minecraft:apple":1,"minecraft:stone_sword":23,"minecraft:stone_pickaxe":24,"minecraft:bread":6,"minecraft:wooden_pickaxe":59,"biomesoplenty:fir_planks":14,"minecraft:stone_axe":15,"minecraft:crafting_table":1,"alexsmobs:animal_dictionary":1,"minecraft:candle":3},"minecraft:mined":{"minecraft:red_bed":1,"minecraft:candle":2,"minecraft:iron_ore":11,"biomesoplenty:fir_log":37,"minecraft:crafting_table":1,"minecraft:grass":12,"minecraft:coal_ore":32,"biomesoplenty:high_grass":1,"biomesoplenty:high_grass_plant":8,"minecraft:tall_grass":1,"minecraft:grindstone":1,"minecraft:stone":39},"minecraft:picked_up":{"minecraft:crafting_table":1,"minecraft:raw_iron":11,"biomesoplenty:fir_log":34,"minecraft:porkchop":1,"minecraft:lantern":1,"minecraft:candle":7,"minecraft:grindstone":1,"minecraft:coal":31,"minecraft:cobblestone":39},"minecraft:crafted":{"biomesoplenty:fir_planks":36,"minecraft:stone_shovel":1,"minecraft:iron_chestplate":1,"minecraft:crafting_table":1,"minecraft:stick":20,"minecraft:iron_ingot":6,"minecraft:wooden_pickaxe":1,"minecraft:stone_pickaxe":1,"minecraft:stone_sword":1,"minecraft:torch":40,"minecraft:stone_axe":1,"minecraft:air":0},"minecraft:custom":{"minecraft:time_since_rest":7204,"minecraft:interact_with_furnace":10,"minecraft:sprint_one_cm":45426,"minecraft:damage_taken":370,"minecraft:walk_one_cm":75403,"minecraft:mob_kills":1,"minecraft:drop":3,"minecraft:damage_dealt":225,"minecraft:interact_with_crafting_table":6,"minecraft:swim_one_cm":6954,"minecraft:talked_to_villager":1,"minecraft:fly_one_cm":46859,"minecraft:open_barrel":2,"minecraft:open_chest":6,"minecraft:crouch_one_cm":510,"minecraft:play_time":26818,"minecraft:sneak_time":88,"minecraft:walk_under_water_one_cm":5171,"minecraft:pot_flower":1,"minecraft:jump":374,"minecraft:damage_dealt_resisted":11,"minecraft:interact_with_grindstone":1,"minecraft:leave_game":2,"minecraft:time_since_death":26818,"minecraft:walk_on_water_one_cm":4811,"minecraft:sleep_in_bed":1,"minecraft:climb_one_cm":171,"minecraft:interact_with_smoker":3,"minecraft:total_world_time":26818,"minecraft:fall_one_cm":12220},"minecraft:killed":{"minecraft:pig":1},"minecraft:broken":{"minecraft:wooden_pickaxe":1}},"DataVersion":3465}