{"stats":{"minecraft:dropped":{"minecraft:iron_sword":2,"iceandfire:raw_silver":2,"minecraft:cobbled_deepslate":4,"alexsmobs:animal_dictionary":1,"minecraft:black_bed":1,"patchouli:guide_book":2,"minecraft:dirt":10,"minecraft:diorite":2,"create:scoria":1,"minecraft:torch":11,"minecraft:andesite":18},"minecraft:used":{"minecraft:stone_sword":31,"minecraft:stone_pickaxe":38,"minecraft:chest":1,"minecraft:wooden_pickaxe":59,"minecraft:iron_sword":23,"biomesoplenty:fir_planks":17,"minecraft:torch":61,"minecraft:crafting_table":1,"minecraft:red_bed":2,"minecraft:diamond_pickaxe":1,"minecraft:apple":3,"minecraft:chipped_anvil":1,"minecraft:lantern":1,"minecraft:bread":11,"minecraft:iron_pickaxe":300,"minecraft:stone_axe":47,"minecraft:diamond_sword":23,"minecraft:cobblestone":45,"minecraft:cooked_porkchop":1,"alexsmobs:animal_dictionary":1,"minecraft:candle":3,"minecraft:iron_leggings":1,"alexsdelight:cooked_bison":1},"minecraft:mined":{"iceandfire:silver_ore":2,"minecraft:red_bed":3,"minecraft:candle":2,"born_in_chaos_v1:infected_diamond_ore":1,"minecraft:crafting_table":2,"biomesoplenty:bush":16,"born_in_chaos_v1:black_argillite":1,"minecraft:chest":1,"minecraft:rose_bush":1,"minecraft:copper_ore":1,"biomesoplenty:high_grass_plant":8,"minecraft:tall_grass":1,"minecraft:cobblestone":2,"minecraft:lapis_ore":6,"minecraft:grindstone":1,"minecraft:diorite":1,"minecraft:hay_block":11,"minecraft:raw_iron_block":1,"evilcraft:dark_ore_deepslate":2,"minecraft:furnace":1,"minecraft:iron_ore":26,"minecraft:andesite":18,"evilcraft:dark_ore":3,"biomesoplenty:fir_log":37,"minecraft:grass":35,"minecraft:bookshelf":4,"minecraft:coal_ore":44,"biomesoplenty:high_grass":1,"minecraft:lantern":1,"minecraft:dirt":10,"minecraft:cobweb":3,"minecraft:stone":239,"minecraft:gold_ore":2,"minecraft:chipped_anvil":1,"minecraft:deepslate":27},"minecraft:picked_up":{"paraglider:paraglider":1,"born_in_chaos_v1:diamond_termite_shard":3,"minecraft:crafting_table":2,"minecraft:andesite":19,"minecraft:black_bed":1,"alexsmobs:bison_fur":1,"biomesoplenty:fir_log":34,"exposure:aged_photograph":1,"minecraft:flint":1,"minecraft:lapis_lazuli":42,"born_in_chaos_v1:black_argillite":1,"minecraft:dirt":10,"minecraft:string":3,"minecraft:red_bed":3,"minecraft:lantern":2,"minecraft:raw_copper":3,"minecraft:armor_stand":3,"minecraft:chipped_anvil":1,"minecraft:cobbled_deepslate":26,"minecraft:candle":7,"delightful:acorn":1,"minecraft:iron_ingot":4,"minecraft:grindstone":1,"minecraft:moss_block":6,"minecraft:chest":1,"minecraft:iron_sword":1,"minecraft:furnace":1,"minecraft:book":9,"minecraft:raw_iron":26,"minecraft:torch":43,"minecraft:dandelion":1,"minecraft:raw_iron_block":1,"minecraft:porkchop":2,"minecraft:diorite":2,"create:scoria":1,"evilcraft:dark_gem":22,"minecraft:hay_block":11,"alexsdelight:raw_bison":6,"minecraft:chainmail_helmet":1,"iceandfire:raw_silver":2,"minecraft:coal":43,"minecraft:cobblestone":245},"minecraft:custom":{"minecraft:interact_with_furnace":40,"minecraft:interact_with_anvil":1,"minecraft:mob_kills":8,"minecraft:interact_with_cartography_table":1,"minecraft:interact_with_crafting_table":10,"minecraft:open_barrel":26,"minecraft:interact_with_loom":1,"minecraft:pot_flower":1,"minecraft:damage_dealt_resisted":11,"minecraft:eat_cake_slice":8,"minecraft:interact_with_grindstone":1,"minecraft:leave_game":2,"minecraft:time_since_death":42078,"minecraft:sleep_in_bed":4,"minecraft:climb_one_cm":18050,"minecraft:time_since_rest":17564,"minecraft:waystone_activated":1,"minecraft:sprint_one_cm":129702,"minecraft:damage_taken":1023,"minecraft:walk_one_cm":226407,"minecraft:drop":23,"minecraft:damage_dealt":1534,"minecraft:talked_to_villager":1,"minecraft:swim_one_cm":29156,"minecraft:fly_one_cm":161958,"minecraft:open_chest":45,"minecraft:crouch_one_cm":1051,"minecraft:deaths":1,"minecraft:play_time":74818,"minecraft:sneak_time":264,"minecraft:walk_under_water_one_cm":17058,"minecraft:jump":1030,"minecraft:interact_with_blast_furnace":2,"minecraft:walk_on_water_one_cm":15678,"minecraft:total_world_time":74818,"minecraft:interact_with_smoker":5,"minecraft:fall_one_cm":35958},"minecraft:crafted":{"minecraft:cooked_beef":2,"minecraft:raw_iron":9,"minecraft:stone_shovel":1,"minecraft:cooked_porkchop":1,"minecraft:crafting_table":1,"minecraft:wooden_pickaxe":1,"minecraft:iron_sword":1,"minecraft:stone_axe":1,"minecraft:bread":18,"minecraft:air":0,"biomesoplenty:fir_planks":92,"alexsdelight:cooked_bison":7,"minecraft:bow":1,"minecraft:iron_boots":1,"minecraft:iron_chestplate":1,"minecraft:shield":1,"minecraft:stick":28,"minecraft:iron_ingot":15,"minecraft:stone_pickaxe":1,"minecraft:stone_sword":1,"minecraft:torch":40,"minecraft:wheat":54},"minecraft:killed":{"minecraft:pig":2,"born_in_chaos_v1:diamond_termite":3,"alexsmobs:raccoon":1,"alexsmobs:bison":2},"minecraft:broken":{"minecraft:wooden_pickaxe":1}},"DataVersion":3465}