{"stats":{"minecraft:broken":{"minecraft:iron_shovel":2,"minecraft:shears":1,"aether:iron_gloves":1,"minecraft:wooden_pickaxe":1,"minecraft:golden_axe":2,"minecraft:iron_axe":1,"minecraft:iron_pickaxe":1},"minecraft:dropped":{"biomesoplenty:fir_log":6,"minecraft:iron_sword":2,"iceandfire:raw_silver":2,"minecraft:oak_log":1,"minecraft:ender_pearl":1,"minecraft:crafting_table":1,"minecraft:crossbow":4,"minecraft:black_bed":1,"iceandfire:dragonscales_copper":3,"biomesoplenty:rose_quartz_chunk":1,"relics:horse_flute":1,"minecraft:dirt":18,"minecraft:grass":109,"minecraft:cornflower":5,"minecraft:mutton":5,"minecraft:wooden_sword":1,"minecraft:iron_pickaxe":2,"minecraft:birch_log":1,"alexsmobs:animal_dictionary":1,"minecraft:cobbled_deepslate":11,"minecraft:wheat":5,"minecraft:obsidian":1,"minecraft:oak_planks":35,"minecraft:rotten_flesh":22,"minecraft:grindstone":1,"minecraft:fern":6,"minecraft:azure_bluet":2,"evilcraft:poison_sac":1,"paraglider:deku_leaf":1,"patchouli:guide_book":2,"minecraft:poppy":4,"supplementaries:ash":1,"create:scoria":1,"ecologics:coconut_husk":2,"minecraft:arrow":9,"born_in_chaos_v1:marigolds":3,"domesticationinnovation:collar_tag":2,"minecraft:oak_leaves":2,"minecraft:stone_hoe":1,"minecraft:bread":17,"minecraft:iron_ingot":72,"minecraft:wheat_seeds":44,"create:polished_rose_quartz":1,"minecraft:cobblestone":43,"minecraft:oxeye_daisy":3,"relics:roller_skates":2,"minecraft:diorite":2,"iceandfire:copper_nugget":66,"minecraft:torch":65,"born_in_chaos_v1:scorched_planks_slab":1,"minecraft:string":9,"minecraft:dandelion":25,"iceandfire:dragonbone":6,"create:sand_paper":1,"minecraft:shears":1,"minecraft:diamond_sword":2,"biomesoplenty:fir_planks":14,"fishofthieves:earthworms":29,"minecraft:diamond_pickaxe":3,"minecraft:andesite":18,"minecraft:oak_sapling":4,"artifacts:cross_necklace":1,"biomesoplenty:bush":108},"minecraft:custom":{"minecraft:animals_bred":3,"minecraft:interact_with_crafting_table":45,"minecraft:open_barrel":67,"minecraft:eat_cake_slice":9,"minecraft:leave_game":3,"minecraft:time_since_death":161312,"minecraft:damage_resisted":208,"minecraft:sprint_one_cm":866324,"minecraft:damage_blocked_by_shield":90,"minecraft:drop":146,"minecraft:talked_to_villager":7,"minecraft:play_time":411394,"minecraft:deaths":2,"minecraft:interact_with_brewingstand":1,"minecraft:jump":4721,"minecraft:walk_on_water_one_cm":76775,"minecraft:enchant_item":5,"minecraft:interact_with_furnace":63,"minecraft:interact_with_cartography_table":4,"minecraft:interact_with_loom":1,"minecraft:sleep_in_bed":24,"minecraft:waystone_activated":4,"minecraft:damage_dealt":26807,"minecraft:crouch_one_cm":9119,"minecraft:interact_with_smoker":8,"minecraft:interact_with_anvil":8,"minecraft:mob_kills":144,"minecraft:damage_dealt_resisted":1808,"minecraft:climb_one_cm":47573,"minecraft:walk_one_cm":1367683,"minecraft:sneak_time":3449,"minecraft:walk_under_water_one_cm":33650,"minecraft:interact_with_blast_furnace":2,"minecraft:total_world_time":411394,"minecraft:tune_noteblock":2,"minecraft:pot_flower":1,"minecraft:interact_with_grindstone":5,"minecraft:interact_with_stonecutter":1,"minecraft:time_since_rest":2173,"minecraft:damage_taken":8929,"minecraft:damage_absorbed":80,"minecraft:trigger_trapped_chest":2,"minecraft:swim_one_cm":58265,"minecraft:fly_one_cm":802847,"minecraft:open_chest":455,"minecraft:fall_one_cm":161401},"minecraft:crafted":{"minecraft:oak_planks":324,"minecraft:bookshelf":27,"minecraft:bow":2,"minecraft:iron_boots":2,"minecraft:chest":4,"minecraft:stone_hoe":2,"minecraft:golden_axe":2,"minecraft:arrow":28,"minecraft:cooked_porkchop":1,"minecraft:crafting_table":2,"minecraft:iron_helmet":1,"minecraft:wooden_pickaxe":1,"minecraft:baked_potato":110,"biomesoplenty:fir_planks":112,"minecraft:iron_chestplate":1,"minecraft:shield":1,"minecraft:stick":176,"minecraft:iron_ingot":16,"minecraft:stone_sword":1,"minecraft:shears":2,"minecraft:raw_iron":9,"minecraft:stone_shovel":1,"minecraft:iron_nugget":9,"minecraft:furnace":4,"minecraft:bone_meal":123,"alexsdelight:cooked_bison":7,"minecraft:iron_axe":2,"minecraft:stone_pickaxe":1,"minecraft:cobblestone_wall":30,"minecraft:wheat":180,"minecraft:cooked_beef":2,"minecraft:iron_sword":1,"minecraft:stone_axe":1,"minecraft:bread":54,"minecraft:air":35,"minecraft:oak_fence_gate":10,"minecraft:iron_shovel":2,"minecraft:white_bed":1,"minecraft:torch":368},"minecraft:used":{"minecraft:iron_shovel":583,"minecraft:chest":5,"minecraft:shield":2,"minecraft:iron_sword":23,"minecraft:carrot":9,"minecraft:lantern":2,"minecraft:item_frame":2,"minecraft:stone_bricks":4,"minecraft:bow":50,"minecraft:oak_sapling":23,"minecraft:furnace":6,"minecraft:potato":375,"minecraft:mossy_stone_bricks":1,"minecraft:stone_pickaxe":38,"minecraft:ender_pearl":1,"useless_sword:coal_sword":1,"minecraft:wooden_pickaxe":59,"biomesoplenty:fir_planks":17,"minecraft:golden_apple":4,"simplyswords:iron_chakram":11,"minecraft:shears":291,"relics:horse_flute":1,"minecraft:bread":147,"ecologics:coconut_slice":2,"minecraft:diamond_sword":559,"minecraft:grindstone":1,"minecraft:andesite":3,"minecraft:coarse_dirt":1,"minecraft:bone_meal":118,"farmersdelight:kelp_roll_slice":2,"minecraft:enchanting_table":1,"minecraft:stone_sword":31,"minecraft:stone_hoe":357,"minecraft:torch":359,"minecraft:dirt":559,"minecraft:anvil":1,"minecraft:cobblestone_wall":25,"minecraft:oak_fence_gate":10,"minecraft:chipped_anvil":1,"minecraft:bookshelf":27,"minecraft:iron_axe":233,"minecraft:iron_boots":2,"duckling:duck_egg":1,"minecraft:cobbled_deepslate":26,"minecraft:golden_axe":19,"alexsdelight:cooked_bison":1,"minecraft:iron_leggings":1,"minecraft:water_bucket":12,"animal_feeding_trough:feeding_trough":1,"minecraft:crafting_table":2,"minecraft:red_bed":4,"minecraft:white_bed":2,"minecraft:oak_log":3,"minecraft:diamond_pickaxe":89,"minecraft:apple":4,"minecraft:iron_pickaxe":725,"minecraft:stone_slab":2,"minecraft:stone_axe":47,"minecraft:cobblestone":254,"minecraft:cooked_porkchop":1,"minecraft:bucket":10,"alexsmobs:animal_dictionary":1,"minecraft:candle":3},"minecraft:killed":{"born_in_chaos_v1:zombie_clown":1,"minecraft:cave_spider":4,"minecraft:zombified_piglin":18,"minecraft:witch":1,"born_in_chaos_v1:restless_spirit":1,"minecraft:spider":1,"born_in_chaos_v1:siamese_skeletonsright":1,"minecraft:skeleton":22,"born_in_chaos_v1:skeleton_thrasher":1,"ecologics:coconut_crab":1,"minecraft:piglin_brute":1,"minecraft:pig":2,"farlanders:rebel":3,"minecraft:zombie_villager":3,"born_in_chaos_v1:diamond_termite":3,"alexsmobs:seal":1,"minecraft:creeper":4,"minecraft:zombie":20,"born_in_chaos_v1:dread_hound":2,"born_in_chaos_v1:corpse_fly":10,"enemyexpansion:botfly":5,"iceandfire:lightning_dragon":1,"born_in_chaos_v1:door_knight":1,"born_in_chaos_v1:missioner":1,"born_in_chaos_v1:zombie_clown_not_despawn":1,"alexsmobs:raccoon":1,"samurai_dynasty:onibi":1,"enemyexpansion:direwolf":2,"born_in_chaos_v1:maggot":10,"alexsmobs:bison":2,"duckling:duck":1,"born_in_chaos_v1:swarmer":1,"naturalist:butterfly":1,"minecraft:bat":1,"born_in_chaos_v1:decrepit_skeleton":7,"iceandfire:ghost":3,"exoticbirds:pigeon":1,"enemyexpansion:huntsman":2},"minecraft:picked_up":{"minecraft:wheat":5,"minecraft:anvil":1,"minecraft:lead":9,"minecraft:stone_slab":5,"minecraft:diamond_sword":3,"minecraft:enchanted_book":3,"minecraft:stone_brick_stairs":6,"born_in_chaos_v1:black_argillite":1,"minecraft:string":31,"minecraft:raw_copper":102,"minecraft:armor_stand":3,"paraglider:deku_leaf":1,"create:sand_paper":1,"biomesoplenty:fir_planks":6,"minecraft:gold_nugget":110,"minecraft:cobbled_deepslate":137,"bosses_of_mass_destruction:soul_star":2,"minecraft:bucket":3,"minecraft:spruce_planks":5,"delightful:acorn":32,"minecraft:rose_bush":2,"samurai_dynasty:raw_silver":28,"born_in_chaos_v1:stimulating_decoction":6,"delightful:green_tea_leaf":16,"minecraft:mangrove_log":1,"ecologics:crab_claw":2,"minecraft:furnace":3,"minecraft:stick":16,"born_in_chaos_v1:shattered_skull":6,"minecraft:oak_fence":3,"minecraft:torch":69,"minecraft:porkchop":2,"iceandfire:lightning_dragon_flesh":3,"minecraft:golden_axe":5,"minecraft:diorite":25,"minecraft:cauldron":1,"minecraft:rotten_flesh":81,"animal_feeding_trough:feeding_trough":1,"biomesoplenty:rose_quartz_chunk":1,"create:scoria":13,"relics:horse_flute":1,"supplementaries:antique_ink":20,"alexsdelight:raw_bison":6,"supplementaries:ash":59,"minecraft:obsidian":25,"minecraft:iron_bars":1,"minecraft:cobblestone":398,"paraglider:paraglider":1,"minecraft:birch_log":1,"minecraft:enchanting_table":2,"relics:roller_skates":1,"minecraft:feather":5,"minecraft:andesite":27,"minecraft:black_bed":1,"minecraft:potato":788,"biomesoplenty:fir_log":34,"alexsmobs:bison_fur":1,"exposure:aged_photograph":1,"minecraft:flint":1,"create:raw_zinc":8,"minecraft:stripped_spruce_wood":2,"supplementaries:flax_seeds":5,"minecraft:lapis_lazuli":300,"minecraft:dirt":599,"minecraft:lantern":3,"minecraft:name_tag":3,"born_in_chaos_v1:marigolds":3,"biomesoplenty:bush":108,"minecraft:hanging_roots":2,"minecraft:bone":75,"minecraft:chipped_anvil":1,"minecraft:wheat_seeds":50,"minecraft:raw_gold":39,"minecraft:grindstone":2,"fishofthieves:earthworms":46,"immersive_aircraft:sail":1,"minecraft:mossy_stone_bricks":4,"minecraft:powered_rail":11,"minecraft:moss_block":6,"minecraft:honeycomb":1,"minecraft:stone_hoe":1,"minecraft:oak_planks":36,"duckling:duck_egg":1,"minecraft:poisonous_potato":5,"minecraft:stripped_spruce_log":2,"minecraft:mossy_cobblestone":2,"minecraft:dark_prismarine":39,"minecraft:polished_andesite":6,"minecraft:sugar":2,"minecraft:diamond":4,"minecraft:crossbow":4,"minecraft:granite":2,"minecraft:bone_meal":5,"minecraft:grass":109,"minecraft:emerald":105,"minecraft:chainmail_helmet":1,"minecraft:rooted_dirt":2,"minecraft:oak_sapling":45,"minecraft:oak_leaves":153,"minecraft:andesite_slab":2,"iceandfire:raw_silver":19,"minecraft:diamond_pickaxe":2,"the_bumblezone:porous_honeycomb_block":1,"minecraft:coarse_dirt":9,"minecraft:crafting_table":4,"born_in_chaos_v1:diamond_termite_shard":3,"create_new_age:thorium":196,"minecraft:allium":9,"minecraft:azure_bluet":2,"minecraft:ladder":2,"exoticbirds:pigeon_egg":1,"born_in_chaos_v1:charmof_resistance":1,"minecraft:chain":4,"minecraft:shield":2,"minecraft:cornflower":5,"minecraft:red_bed":4,"minecraft:wooden_sword":1,"evilcraft:poison_sac":2,"born_in_chaos_v1:intoxicating_decoction":2,"minecraft:item_frame":2,"minecraft:iron_shovel":1,"minecraft:blue_orchid":1,"minecraft:cracked_stone_bricks":6,"minecraft:candle":7,"minecraft:iron_nugget":15,"minecraft:poppy":6,"minecraft:spruce_slab":2,"minecraft:chest":1,"born_in_chaos_v1:scorched_planks_slab":1,"minecraft:raw_iron":188,"iceandfire:dragonbone":6,"ecologics:coconut_slice":6,"twilightforest:twilight_oak_chest":1,"sophisticatedbackpacks:backpack":1,"born_in_chaos_v1:pieceofdarkmetal":21,"minecraft:carrot":21,"minecraft:redstone":4,"samurai_dynasty:spirit_flame":5,"minecraft:arrow":19,"minecraft:hay_block":28,"minecraft:rail":31,"minecraft:gold_ingot":4,"domesticationinnovation:collar_tag":1,"minecraft:white_wool":5,"minecraft:mutton":5,"exoticbirds:raw_birdmeat":6,"minecraft:skeleton_skull":2,"minecraft:bone_block":2,"minecraft:oxeye_daisy":3,"born_in_chaos_v1:fused_bone":2,"born_in_chaos_v1:corpse_maggot":20,"minecraft:golden_carrot":2,"born_in_chaos_v1:monster_flesh":2,"minecraft:fern":6,"minecraft:leather":12,"samurai_dynasty:jade":6,"minecraft:oak_log":118,"minecraft:gunpowder":43,"minecraft:cobblestone_wall":7,"minecraft:red_carpet":1,"minecraft:apple":13,"minecraft:stone_bricks":46,"minecraft:oak_fence_gate":2,"minecraft:iron_ingot":30,"minecraft:cobweb":10,"minecraft:stripped_oak_wood":11,"minecraft:glass_bottle":10,"minecraft:iron_sword":1,"minecraft:book":81,"minecraft:oak_slab":10,"exoticbirds:swan_egg":1,"iceandfire:copper_nugget":66,"minecraft:sweet_berries":75,"minecraft:stone_brick_slab":10,"born_in_chaos_v1:ethereal_spirit":5,"minecraft:dandelion":27,"minecraft:raw_iron_block":1,"minecraft:dead_fire_coral_block":1,"minecraft:white_bed":1,"iceandfire:dragonscales_copper":3,"minecraft:purple_bed":1,"minecraft:iron_helmet":1,"evilcraft:dark_gem":31,"wandering_bags:witch_bag":1,"the_bumblezone:pollen_puff":1,"simplyswords:iron_chakram":1,"minecraft:coal":176,"minecraft:ender_pearl":2},"minecraft:mined":{"minecraft:dark_oak_planks":1,"minecraft:white_bed":2,"minecraft:farmland":7,"valhelsia_structures:dirt":3,"minecraft:obsidian":24,"minecraft:granite":1,"minecraft:grass_block":517,"minecraft:oxeye_daisy":3,"minecraft:raw_iron_block":1,"minecraft:iron_ore":50,"minecraft:cobbled_deepslate":2,"valhelsia_structures:andesite":5,"minecraft:anvil":1,"minecraft:azure_bluet":2,"minecraft:enchanting_table":2,"biomesoplenty:hanging_cobweb":1,"biomesoplenty:webbing":6,"minecraft:blue_orchid":1,"minecraft:spruce_slab":1,"valhelsia_structures:coarse_dirt":4,"minecraft:red_bed":4,"the_bumblezone:pile_of_pollen":2,"minecraft:torch":2,"minecraft:calcite":1,"minecraft:poppy":5,"born_in_chaos_v1:scorched_planks_slab":1,"minecraft:chest":1,"minecraft:cobblestone":23,"minecraft:grindstone":3,"minecraft:oak_planks":11,"minecraft:wall_torch":7,"minecraft:skeleton_skull":1,"minecraft:chain":2,"minecraft:dark_oak_slab":4,"evilcraft:dark_ore_deepslate":2,"minecraft:birch_log":1,"minecraft:lilac":1,"minecraft:stripped_oak_wood":11,"biomesoplenty:fir_log":37,"minecraft:stone_brick_stairs":5,"minecraft:grass":464,"minecraft:oak_log":98,"minecraft:oak_fence_gate":3,"minecraft:dirt":50,"minecraft:oak_leaves":232,"minecraft:deepslate":56,"minecraft:dark_prismarine":39,"minecraft:red_carpet":1,"minecraft:tuff":3,"iceandfire:silver_ore":2,"minecraft:mossy_cobblestone":2,"minecraft:dark_oak_leaves":1,"minecraft:candle":2,"born_in_chaos_v1:infected_diamond_ore":1,"biomesoplenty:bush":187,"minecraft:allium":5,"born_in_chaos_v1:black_argillite":1,"create_new_age:thorium_ore":20,"the_bumblezone:filled_porous_honeycomb_block":1,"animal_feeding_trough:feeding_trough":1,"minecraft:rooted_dirt":1,"minecraft:hay_block":28,"minecraft:furnace":3,"minecraft:carrots":9,"minecraft:andesite":21,"minecraft:stripped_spruce_log":2,"evilcraft:dark_ore":3,"minecraft:bookshelf":33,"minecraft:potatoes":216,"biomesoplenty:high_grass":1,"minecraft:vine":1,"minecraft:lantern":1,"biomesoplenty:barley":2,"minecraft:stone":309,"valhelsia_structures:stone":21,"minecraft:oak_slab":9,"born_in_chaos_v1:marigolds":3,"minecraft:stone_brick_slab":5,"minecraft:dandelion":28,"minecraft:oak_fence":5,"minecraft:crafting_table":3,"minecraft:cornflower":4,"minecraft:rose_bush":2,"minecraft:andesite_slab":1,"minecraft:stone_slab":4,"biomesoplenty:high_grass_plant":8,"minecraft:tall_grass":27,"minecraft:copper_ore":1,"minecraft:deepslate_gold_ore":1,"minecraft:lapis_ore":6,"minecraft:diorite":2,"supplementaries:urn":19,"minecraft:dead_fire_coral_block":1,"minecraft:purple_bed":1,"minecraft:stripped_spruce_wood":12,"minecraft:cobblestone_wall":1,"minecraft:sweet_berry_bush":13,"minecraft:coal_ore":164,"minecraft:cobweb":10,"minecraft:cracked_stone_bricks":7,"minecraft:polished_andesite":6,"minecraft:stone_bricks":48,"minecraft:chipped_anvil":1,"minecraft:mossy_stone_bricks":5,"minecraft:gold_ore":2,"minecraft:fern":17}},"DataVersion":3465}