{"stats":{"minecraft:dropped":{"minecraft:iron_sword":2,"iceandfire:raw_silver":2,"minecraft:black_bed":1,"minecraft:dirt":18,"minecraft:diorite":2,"minecraft:torch":61,"minecraft:iron_pickaxe":1,"minecraft:string":9,"alexsmobs:animal_dictionary":1,"minecraft:cobbled_deepslate":7,"minecraft:rotten_flesh":19,"patchouli:guide_book":2,"biomesoplenty:fir_planks":14,"create:scoria":1,"minecraft:andesite":18},"minecraft:used":{"minecraft:stone_sword":31,"minecraft:chest":1,"minecraft:shield":1,"minecraft:iron_sword":23,"minecraft:torch":184,"minecraft:chipped_anvil":1,"minecraft:lantern":1,"minecraft:bow":19,"minecraft:iron_leggings":1,"alexsdelight:cooked_bison":1,"minecraft:stone_pickaxe":38,"minecraft:wooden_pickaxe":59,"biomesoplenty:fir_planks":17,"minecraft:crafting_table":1,"minecraft:red_bed":4,"minecraft:diamond_pickaxe":4,"minecraft:apple":3,"minecraft:bread":32,"minecraft:iron_pickaxe":393,"minecraft:stone_axe":47,"minecraft:diamond_sword":160,"minecraft:cobblestone":59,"minecraft:cooked_porkchop":1,"alexsmobs:animal_dictionary":1,"minecraft:candle":3},"minecraft:mined":{"iceandfire:silver_ore":2,"minecraft:candle":2,"born_in_chaos_v1:infected_diamond_ore":1,"minecraft:granite":1,"biomesoplenty:bush":16,"born_in_chaos_v1:black_argillite":1,"minecraft:hay_block":11,"minecraft:raw_iron_block":1,"minecraft:furnace":1,"minecraft:iron_ore":45,"minecraft:andesite":18,"evilcraft:dark_ore":3,"biomesoplenty:hanging_cobweb":1,"minecraft:bookshelf":4,"biomesoplenty:high_grass":1,"biomesoplenty:webbing":5,"minecraft:lantern":1,"minecraft:stone":257,"minecraft:red_bed":4,"minecraft:crafting_table":2,"minecraft:calcite":1,"minecraft:chest":1,"minecraft:rose_bush":1,"biomesoplenty:high_grass_plant":8,"minecraft:tall_grass":1,"minecraft:copper_ore":1,"minecraft:cobblestone":2,"minecraft:lapis_ore":6,"minecraft:grindstone":1,"minecraft:diorite":2,"minecraft:wall_torch":1,"supplementaries:urn":9,"evilcraft:dark_ore_deepslate":2,"biomesoplenty:fir_log":37,"minecraft:grass":35,"minecraft:coal_ore":68,"minecraft:dirt":10,"minecraft:cobweb":5,"minecraft:chipped_anvil":1,"minecraft:gold_ore":2,"minecraft:deepslate":49},"minecraft:picked_up":{"minecraft:crafting_table":2,"born_in_chaos_v1:diamond_termite_shard":3,"born_in_chaos_v1:black_argillite":1,"minecraft:string":12,"minecraft:red_bed":4,"minecraft:raw_copper":3,"minecraft:armor_stand":3,"minecraft:gold_nugget":31,"minecraft:candle":7,"minecraft:cobbled_deepslate":41,"minecraft:bucket":1,"delightful:acorn":1,"minecraft:iron_nugget":15,"minecraft:chest":1,"minecraft:furnace":1,"minecraft:raw_iron":45,"born_in_chaos_v1:shattered_skull":1,"minecraft:torch":61,"minecraft:porkchop":2,"minecraft:diorite":4,"born_in_chaos_v1:pieceofdarkmetal":2,"minecraft:redstone":4,"minecraft:arrow":8,"minecraft:rotten_flesh":22,"create:scoria":1,"supplementaries:antique_ink":1,"minecraft:hay_block":11,"alexsdelight:raw_bison":6,"supplementaries:ash":8,"minecraft:cobblestone":298,"paraglider:paraglider":1,"born_in_chaos_v1:corpse_maggot":8,"minecraft:feather":1,"minecraft:golden_carrot":1,"minecraft:andesite":19,"minecraft:black_bed":1,"exposure:aged_photograph":1,"biomesoplenty:fir_log":34,"alexsmobs:bison_fur":1,"minecraft:flint":1,"minecraft:oak_log":4,"supplementaries:flax_seeds":5,"minecraft:lapis_lazuli":42,"minecraft:dirt":18,"minecraft:lantern":2,"minecraft:bone":29,"minecraft:chipped_anvil":1,"minecraft:grindstone":1,"minecraft:iron_ingot":8,"minecraft:moss_block":6,"minecraft:iron_sword":1,"minecraft:book":9,"minecraft:dandelion":1,"minecraft:raw_iron_block":1,"evilcraft:dark_gem":26,"minecraft:granite":2,"minecraft:emerald":8,"minecraft:chainmail_helmet":1,"minecraft:coal":67,"iceandfire:raw_silver":2},"minecraft:crafted":{"minecraft:raw_iron":9,"minecraft:stone_shovel":1,"alexsdelight:cooked_bison":7,"minecraft:bow":1,"minecraft:iron_boots":1,"minecraft:stone_pickaxe":1,"minecraft:wheat":54,"minecraft:cooked_beef":2,"minecraft:cooked_porkchop":1,"minecraft:crafting_table":1,"minecraft:wooden_pickaxe":1,"minecraft:iron_sword":1,"minecraft:stone_axe":1,"minecraft:bread":18,"minecraft:air":0,"biomesoplenty:fir_planks":92,"minecraft:iron_chestplate":1,"minecraft:shield":1,"minecraft:stick":64,"minecraft:iron_ingot":15,"minecraft:stone_sword":1,"minecraft:torch":184},"minecraft:custom":{"minecraft:mob_kills":51,"minecraft:interact_with_anvil":1,"minecraft:interact_with_crafting_table":15,"minecraft:open_barrel":27,"minecraft:damage_dealt_resisted":1657,"minecraft:eat_cake_slice":8,"minecraft:leave_game":2,"minecraft:time_since_death":78078,"minecraft:climb_one_cm":18335,"minecraft:damage_resisted":208,"minecraft:sprint_one_cm":232245,"minecraft:walk_one_cm":353124,"minecraft:drop":41,"minecraft:talked_to_villager":1,"minecraft:play_time":110818,"minecraft:deaths":1,"minecraft:sneak_time":598,"minecraft:walk_under_water_one_cm":24151,"minecraft:jump":1746,"minecraft:interact_with_blast_furnace":2,"minecraft:walk_on_water_one_cm":33996,"minecraft:total_world_time":110818,"minecraft:interact_with_furnace":40,"minecraft:interact_with_cartography_table":1,"minecraft:interact_with_loom":1,"minecraft:pot_flower":1,"minecraft:interact_with_grindstone":1,"minecraft:sleep_in_bed":5,"minecraft:time_since_rest":32464,"minecraft:waystone_activated":1,"minecraft:damage_taken":2041,"minecraft:damage_dealt":8190,"minecraft:swim_one_cm":38825,"minecraft:fly_one_cm":273457,"minecraft:open_chest":55,"minecraft:crouch_one_cm":1131,"minecraft:interact_with_smoker":6,"minecraft:fall_one_cm":53784},"minecraft:killed":{"alexsmobs:raccoon":1,"born_in_chaos_v1:maggot":7,"minecraft:skeleton":7,"born_in_chaos_v1:skeleton_thrasher":1,"alexsmobs:bison":2,"minecraft:pig":2,"farlanders:rebel":2,"minecraft:zombie_villager":1,"born_in_chaos_v1:diamond_termite":3,"born_in_chaos_v1:swarmer":1,"minecraft:bat":1,"born_in_chaos_v1:decrepit_skeleton":3,"minecraft:zombie":10,"exoticbirds:pigeon":1,"born_in_chaos_v1:corpse_fly":6,"enemyexpansion:huntsman":2,"born_in_chaos_v1:door_knight":1},"minecraft:broken":{"minecraft:wooden_pickaxe":1}},"DataVersion":3465}