{"stats":{"minecraft:broken":{"minecraft:shears":1,"aether:iron_gloves":1,"minecraft:wooden_pickaxe":1,"minecraft:golden_axe":2,"minecraft:iron_axe":1,"minecraft:iron_pickaxe":1},"minecraft:dropped":{"biomesoplenty:fir_log":6,"minecraft:iron_sword":2,"iceandfire:raw_silver":2,"minecraft:oak_log":1,"minecraft:ender_pearl":1,"minecraft:crafting_table":1,"minecraft:black_bed":1,"biomesoplenty:rose_quartz_chunk":1,"relics:horse_flute":1,"minecraft:dirt":18,"minecraft:grass":109,"minecraft:cornflower":1,"minecraft:iron_pickaxe":2,"minecraft:birch_log":1,"alexsmobs:animal_dictionary":1,"minecraft:cobbled_deepslate":11,"minecraft:obsidian":1,"minecraft:rotten_flesh":22,"minecraft:grindstone":1,"minecraft:fern":6,"patchouli:guide_book":2,"minecraft:poppy":1,"create:scoria":1,"minecraft:arrow":9,"minecraft:oak_leaves":2,"minecraft:stone_hoe":1,"minecraft:bread":17,"minecraft:iron_ingot":19,"minecraft:wheat_seeds":3,"create:polished_rose_quartz":1,"minecraft:cobblestone":43,"relics:roller_skates":2,"minecraft:diorite":2,"minecraft:torch":65,"born_in_chaos_v1:scorched_planks_slab":1,"minecraft:string":9,"create:sand_paper":1,"minecraft:shears":1,"minecraft:diamond_sword":1,"biomesoplenty:fir_planks":14,"minecraft:diamond_pickaxe":3,"minecraft:andesite":18,"minecraft:oak_sapling":4,"artifacts:cross_necklace":1,"biomesoplenty:bush":108},"minecraft:custom":{"minecraft:animals_bred":3,"minecraft:interact_with_crafting_table":40,"minecraft:open_barrel":57,"minecraft:eat_cake_slice":9,"minecraft:leave_game":3,"minecraft:time_since_death":101312,"minecraft:damage_resisted":208,"minecraft:sprint_one_cm":724290,"minecraft:damage_blocked_by_shield":90,"minecraft:drop":109,"minecraft:talked_to_villager":4,"minecraft:play_time":351394,"minecraft:deaths":2,"minecraft:interact_with_brewingstand":1,"minecraft:jump":3977,"minecraft:walk_on_water_one_cm":62616,"minecraft:enchant_item":5,"minecraft:interact_with_furnace":63,"minecraft:interact_with_cartography_table":3,"minecraft:interact_with_loom":1,"minecraft:sleep_in_bed":19,"minecraft:waystone_activated":1,"minecraft:damage_dealt":24396,"minecraft:crouch_one_cm":5671,"minecraft:interact_with_smoker":8,"minecraft:interact_with_anvil":8,"minecraft:mob_kills":139,"minecraft:damage_dealt_resisted":1808,"minecraft:climb_one_cm":36899,"minecraft:walk_one_cm":1128075,"minecraft:sneak_time":2664,"minecraft:walk_under_water_one_cm":31585,"minecraft:interact_with_blast_furnace":2,"minecraft:total_world_time":351394,"minecraft:tune_noteblock":2,"minecraft:pot_flower":1,"minecraft:interact_with_grindstone":5,"minecraft:interact_with_stonecutter":1,"minecraft:time_since_rest":14464,"minecraft:damage_taken":6290,"minecraft:damage_absorbed":40,"minecraft:trigger_trapped_chest":2,"minecraft:swim_one_cm":47801,"minecraft:fly_one_cm":658096,"minecraft:open_chest":340,"minecraft:fall_one_cm":120091},"minecraft:crafted":{"minecraft:oak_planks":324,"minecraft:bookshelf":27,"minecraft:bow":2,"minecraft:iron_boots":2,"minecraft:chest":4,"minecraft:stone_hoe":2,"minecraft:golden_axe":2,"minecraft:arrow":28,"minecraft:cooked_porkchop":1,"minecraft:crafting_table":2,"minecraft:iron_helmet":1,"minecraft:wooden_pickaxe":1,"minecraft:baked_potato":110,"biomesoplenty:fir_planks":112,"minecraft:iron_chestplate":1,"minecraft:shield":1,"minecraft:stick":176,"minecraft:iron_ingot":16,"minecraft:stone_sword":1,"minecraft:shears":2,"minecraft:raw_iron":9,"minecraft:stone_shovel":1,"minecraft:iron_nugget":9,"minecraft:furnace":4,"minecraft:bone_meal":123,"alexsdelight:cooked_bison":7,"minecraft:iron_axe":2,"minecraft:stone_pickaxe":1,"minecraft:cobblestone_wall":30,"minecraft:wheat":180,"minecraft:cooked_beef":2,"minecraft:iron_sword":1,"minecraft:stone_axe":1,"minecraft:bread":54,"minecraft:air":33,"minecraft:oak_fence_gate":10,"minecraft:iron_shovel":1,"minecraft:torch":368},"minecraft:used":{"minecraft:iron_shovel":49,"minecraft:chest":5,"minecraft:shield":2,"minecraft:iron_sword":23,"minecraft:carrot":9,"minecraft:lantern":2,"minecraft:stone_bricks":4,"minecraft:bow":35,"minecraft:oak_sapling":23,"minecraft:furnace":6,"minecraft:potato":375,"minecraft:mossy_stone_bricks":1,"minecraft:stone_pickaxe":38,"minecraft:ender_pearl":1,"useless_sword:coal_sword":1,"minecraft:wooden_pickaxe":59,"biomesoplenty:fir_planks":17,"minecraft:golden_apple":1,"simplyswords:iron_chakram":1,"minecraft:shears":291,"relics:horse_flute":1,"minecraft:bread":119,"minecraft:diamond_sword":508,"minecraft:grindstone":1,"minecraft:andesite":3,"minecraft:coarse_dirt":1,"minecraft:bone_meal":118,"farmersdelight:kelp_roll_slice":2,"minecraft:enchanting_table":1,"minecraft:stone_sword":31,"minecraft:stone_hoe":113,"minecraft:torch":359,"minecraft:dirt":38,"minecraft:anvil":1,"minecraft:cobblestone_wall":25,"minecraft:oak_fence_gate":10,"minecraft:chipped_anvil":1,"minecraft:bookshelf":27,"minecraft:iron_axe":233,"minecraft:iron_boots":2,"duckling:duck_egg":1,"minecraft:cobbled_deepslate":26,"minecraft:golden_axe":19,"alexsdelight:cooked_bison":1,"minecraft:iron_leggings":1,"minecraft:water_bucket":12,"animal_feeding_trough:feeding_trough":1,"minecraft:crafting_table":2,"minecraft:red_bed":4,"minecraft:oak_log":3,"minecraft:diamond_pickaxe":82,"minecraft:apple":3,"minecraft:iron_pickaxe":681,"minecraft:stone_slab":2,"minecraft:stone_axe":47,"minecraft:cobblestone":227,"minecraft:cooked_porkchop":1,"minecraft:bucket":10,"alexsmobs:animal_dictionary":1,"minecraft:candle":3},"minecraft:killed":{"born_in_chaos_v1:zombie_clown":1,"minecraft:cave_spider":4,"minecraft:zombified_piglin":18,"minecraft:witch":1,"born_in_chaos_v1:restless_spirit":1,"born_in_chaos_v1:siamese_skeletonsright":1,"minecraft:skeleton":22,"born_in_chaos_v1:skeleton_thrasher":1,"ecologics:coconut_crab":1,"minecraft:piglin_brute":1,"minecraft:pig":2,"farlanders:rebel":3,"minecraft:zombie_villager":3,"born_in_chaos_v1:diamond_termite":3,"alexsmobs:seal":1,"minecraft:creeper":4,"minecraft:zombie":20,"born_in_chaos_v1:dread_hound":2,"born_in_chaos_v1:corpse_fly":10,"enemyexpansion:botfly":5,"born_in_chaos_v1:door_knight":1,"born_in_chaos_v1:missioner":1,"born_in_chaos_v1:zombie_clown_not_despawn":1,"alexsmobs:raccoon":1,"samurai_dynasty:onibi":1,"born_in_chaos_v1:maggot":10,"alexsmobs:bison":2,"duckling:duck":1,"born_in_chaos_v1:swarmer":1,"naturalist:butterfly":1,"minecraft:bat":1,"born_in_chaos_v1:decrepit_skeleton":7,"iceandfire:ghost":2,"exoticbirds:pigeon":1,"enemyexpansion:huntsman":2},"minecraft:picked_up":{"minecraft:anvil":1,"minecraft:stone_slab":5,"minecraft:diamond_sword":2,"minecraft:enchanted_book":1,"minecraft:stone_brick_stairs":5,"born_in_chaos_v1:black_argillite":1,"minecraft:string":29,"minecraft:raw_copper":70,"minecraft:armor_stand":3,"create:sand_paper":1,"minecraft:gold_nugget":53,"minecraft:cobbled_deepslate":98,"bosses_of_mass_destruction:soul_star":2,"minecraft:bucket":1,"delightful:acorn":11,"minecraft:rose_bush":1,"samurai_dynasty:raw_silver":14,"born_in_chaos_v1:stimulating_decoction":3,"delightful:green_tea_leaf":5,"minecraft:mangrove_log":1,"ecologics:crab_claw":1,"minecraft:furnace":3,"minecraft:stick":16,"born_in_chaos_v1:shattered_skull":4,"minecraft:oak_fence":3,"minecraft:torch":67,"minecraft:porkchop":2,"minecraft:golden_axe":5,"minecraft:diorite":4,"minecraft:rotten_flesh":77,"animal_feeding_trough:feeding_trough":1,"biomesoplenty:rose_quartz_chunk":1,"create:scoria":1,"relics:horse_flute":1,"supplementaries:antique_ink":10,"alexsdelight:raw_bison":6,"supplementaries:ash":58,"minecraft:obsidian":25,"minecraft:iron_bars":1,"minecraft:cobblestone":386,"paraglider:paraglider":1,"minecraft:birch_log":1,"minecraft:enchanting_table":2,"relics:roller_skates":1,"minecraft:feather":5,"minecraft:andesite":27,"minecraft:black_bed":1,"minecraft:potato":788,"biomesoplenty:fir_log":34,"alexsmobs:bison_fur":1,"exposure:aged_photograph":1,"minecraft:flint":1,"create:raw_zinc":8,"minecraft:stripped_spruce_wood":2,"supplementaries:flax_seeds":5,"minecraft:lapis_lazuli":182,"minecraft:dirt":78,"minecraft:lantern":3,"biomesoplenty:bush":108,"minecraft:hanging_roots":1,"minecraft:bone":75,"minecraft:chipped_anvil":1,"minecraft:wheat_seeds":9,"minecraft:raw_gold":11,"minecraft:grindstone":2,"fishofthieves:earthworms":10,"minecraft:mossy_stone_bricks":4,"minecraft:moss_block":6,"minecraft:honeycomb":1,"minecraft:stone_hoe":1,"minecraft:oak_planks":4,"duckling:duck_egg":1,"minecraft:poisonous_potato":3,"minecraft:stripped_spruce_log":2,"minecraft:mossy_cobblestone":2,"minecraft:sugar":2,"minecraft:granite":2,"minecraft:grass":109,"minecraft:emerald":52,"minecraft:chainmail_helmet":1,"minecraft:rooted_dirt":1,"minecraft:oak_sapling":45,"minecraft:oak_leaves":153,"minecraft:andesite_slab":1,"iceandfire:raw_silver":8,"minecraft:diamond_pickaxe":2,"the_bumblezone:porous_honeycomb_block":1,"minecraft:coarse_dirt":5,"minecraft:crafting_table":4,"born_in_chaos_v1:diamond_termite_shard":3,"create_new_age:thorium":132,"minecraft:allium":4,"born_in_chaos_v1:charmof_resistance":1,"minecraft:chain":3,"minecraft:cornflower":1,"minecraft:red_bed":4,"evilcraft:poison_sac":2,"born_in_chaos_v1:intoxicating_decoction":2,"minecraft:blue_orchid":1,"minecraft:cracked_stone_bricks":6,"minecraft:candle":7,"minecraft:iron_nugget":15,"minecraft:poppy":3,"minecraft:spruce_slab":2,"minecraft:chest":1,"born_in_chaos_v1:scorched_planks_slab":1,"minecraft:raw_iron":109,"ecologics:coconut_slice":2,"twilightforest:twilight_oak_chest":1,"sophisticatedbackpacks:backpack":1,"born_in_chaos_v1:pieceofdarkmetal":12,"minecraft:carrot":21,"minecraft:redstone":4,"samurai_dynasty:spirit_flame":5,"minecraft:arrow":19,"minecraft:hay_block":28,"minecraft:gold_ingot":2,"exoticbirds:raw_birdmeat":3,"minecraft:skeleton_skull":2,"minecraft:bone_block":2,"born_in_chaos_v1:fused_bone":1,"born_in_chaos_v1:corpse_maggot":16,"minecraft:golden_carrot":1,"born_in_chaos_v1:monster_flesh":2,"minecraft:fern":6,"minecraft:leather":2,"samurai_dynasty:jade":6,"minecraft:oak_log":101,"minecraft:gunpowder":20,"minecraft:cobblestone_wall":1,"minecraft:red_carpet":1,"minecraft:apple":5,"minecraft:stone_bricks":44,"minecraft:oak_fence_gate":2,"minecraft:iron_ingot":18,"minecraft:cobweb":9,"minecraft:stripped_oak_wood":11,"minecraft:iron_sword":1,"minecraft:book":81,"minecraft:oak_slab":10,"minecraft:sweet_berries":37,"minecraft:stone_brick_slab":5,"born_in_chaos_v1:ethereal_spirit":1,"minecraft:dandelion":2,"minecraft:raw_iron_block":1,"minecraft:dead_fire_coral_block":1,"minecraft:purple_bed":1,"evilcraft:dark_gem":26,"wandering_bags:witch_bag":1,"the_bumblezone:pollen_puff":1,"simplyswords:iron_chakram":1,"minecraft:coal":176,"minecraft:ender_pearl":2},"minecraft:mined":{"minecraft:dark_oak_planks":1,"minecraft:farmland":7,"valhelsia_structures:dirt":3,"minecraft:obsidian":24,"minecraft:granite":1,"minecraft:grass_block":29,"minecraft:raw_iron_block":1,"minecraft:iron_ore":50,"minecraft:cobbled_deepslate":2,"valhelsia_structures:andesite":5,"minecraft:anvil":1,"minecraft:enchanting_table":2,"biomesoplenty:hanging_cobweb":1,"biomesoplenty:webbing":6,"minecraft:blue_orchid":1,"minecraft:spruce_slab":1,"valhelsia_structures:coarse_dirt":4,"minecraft:red_bed":4,"the_bumblezone:pile_of_pollen":2,"minecraft:torch":2,"minecraft:calcite":1,"minecraft:poppy":2,"born_in_chaos_v1:scorched_planks_slab":1,"minecraft:chest":1,"minecraft:cobblestone":22,"minecraft:grindstone":3,"minecraft:oak_planks":11,"minecraft:wall_torch":7,"minecraft:skeleton_skull":1,"minecraft:chain":2,"minecraft:dark_oak_slab":4,"evilcraft:dark_ore_deepslate":2,"minecraft:birch_log":1,"minecraft:lilac":1,"minecraft:stripped_oak_wood":11,"biomesoplenty:fir_log":37,"minecraft:stone_brick_stairs":5,"minecraft:grass":191,"minecraft:oak_log":98,"minecraft:oak_fence_gate":3,"minecraft:dirt":12,"minecraft:oak_leaves":228,"minecraft:deepslate":56,"minecraft:red_carpet":1,"minecraft:tuff":3,"iceandfire:silver_ore":2,"minecraft:mossy_cobblestone":2,"minecraft:dark_oak_leaves":1,"minecraft:candle":2,"born_in_chaos_v1:infected_diamond_ore":1,"biomesoplenty:bush":187,"minecraft:allium":5,"born_in_chaos_v1:black_argillite":1,"create_new_age:thorium_ore":20,"the_bumblezone:filled_porous_honeycomb_block":1,"animal_feeding_trough:feeding_trough":1,"minecraft:rooted_dirt":1,"minecraft:hay_block":28,"minecraft:furnace":3,"minecraft:carrots":9,"minecraft:andesite":21,"minecraft:stripped_spruce_log":2,"evilcraft:dark_ore":3,"minecraft:bookshelf":33,"minecraft:potatoes":216,"biomesoplenty:high_grass":1,"minecraft:vine":1,"minecraft:lantern":1,"biomesoplenty:barley":2,"minecraft:stone":309,"valhelsia_structures:stone":21,"minecraft:oak_slab":9,"minecraft:stone_brick_slab":5,"minecraft:dandelion":1,"minecraft:oak_fence":5,"minecraft:crafting_table":3,"minecraft:rose_bush":2,"minecraft:andesite_slab":1,"minecraft:stone_slab":4,"biomesoplenty:high_grass_plant":8,"minecraft:tall_grass":10,"minecraft:copper_ore":1,"minecraft:deepslate_gold_ore":1,"minecraft:lapis_ore":6,"minecraft:diorite":2,"supplementaries:urn":19,"minecraft:dead_fire_coral_block":1,"minecraft:purple_bed":1,"minecraft:stripped_spruce_wood":12,"minecraft:cobblestone_wall":1,"minecraft:sweet_berry_bush":13,"minecraft:coal_ore":164,"minecraft:cobweb":8,"minecraft:cracked_stone_bricks":7,"minecraft:stone_bricks":44,"minecraft:chipped_anvil":1,"minecraft:mossy_stone_bricks":4,"minecraft:gold_ore":2,"minecraft:fern":17}},"DataVersion":3465}