{"stats":{"minecraft:custom":{"minecraft:animals_bred":3,"minecraft:interact_with_crafting_table":55,"minecraft:open_barrel":78,"minecraft:eat_cake_slice":9,"minecraft:leave_game":3,"minecraft:time_since_death":30006,"minecraft:damage_resisted":214,"minecraft:sprint_one_cm":1138329,"minecraft:damage_blocked_by_shield":90,"minecraft:drop":208,"minecraft:talked_to_villager":7,"minecraft:play_time":530033,"minecraft:deaths":3,"minecraft:interact_with_brewingstand":1,"minecraft:jump":6078,"minecraft:walk_on_water_one_cm":104129,"minecraft:enchant_item":5,"minecraft:interact_with_furnace":95,"minecraft:interact_with_cartography_table":4,"minecraft:interact_with_loom":1,"minecraft:sleep_in_bed":28,"minecraft:waystone_activated":5,"minecraft:damage_dealt":32891,"minecraft:crouch_one_cm":12777,"minecraft:interact_with_smithing_table":2,"minecraft:interact_with_smoker":10,"minecraft:interact_with_anvil":12,"minecraft:mob_kills":180,"minecraft:damage_dealt_resisted":1927,"minecraft:climb_one_cm":48457,"minecraft:walk_one_cm":1702533,"minecraft:sneak_time":4773,"minecraft:walk_under_water_one_cm":37706,"minecraft:interact_with_blast_furnace":2,"minecraft:total_world_time":530033,"minecraft:tune_noteblock":2,"minecraft:pot_flower":1,"minecraft:interact_with_stonecutter":1,"minecraft:interact_with_grindstone":5,"minecraft:time_since_rest":8447,"minecraft:damage_taken":11810,"minecraft:damage_absorbed":80,"minecraft:trigger_trapped_chest":2,"minecraft:swim_one_cm":82787,"minecraft:fly_one_cm":1030448,"minecraft:open_chest":737,"minecraft:fall_one_cm":195264},"minecraft:mined":{"minecraft:dark_oak_planks":1,"minecraft:white_bed":2,"minecraft:oak_sapling":2,"minecraft:farmland":7,"valhelsia_structures:dirt":3,"minecraft:obsidian":24,"minecraft:granite":1,"minecraft:grass_block":518,"minecraft:oxeye_daisy":3,"minecraft:raw_iron_block":1,"minecraft:iron_ore":141,"minecraft:barrel":1,"minecraft:cobbled_deepslate":2,"valhelsia_structures:andesite":5,"minecraft:anvil":1,"minecraft:azure_bluet":4,"minecraft:enchanting_table":2,"biomesoplenty:hanging_cobweb":1,"biomesoplenty:webbing":6,"minecraft:blue_orchid":1,"minecraft:spruce_slab":1,"valhelsia_structures:coarse_dirt":4,"minecraft:red_bed":4,"the_bumblezone:pile_of_pollen":2,"minecraft:torch":7,"minecraft:poppy":5,"born_in_chaos_v1:scorched_planks_slab":1,"minecraft:calcite":1,"minecraft:chest":1,"minecraft:cobblestone":26,"minecraft:oak_planks":11,"minecraft:grindstone":3,"minecraft:wall_torch":12,"minecraft:skeleton_skull":1,"minecraft:chain":2,"minecraft:dark_oak_slab":4,"evilcraft:dark_ore_deepslate":2,"minecraft:birch_log":1,"minecraft:lilac":1,"minecraft:stripped_oak_wood":11,"biomesoplenty:fir_log":37,"minecraft:stone_brick_stairs":5,"minecraft:grass":535,"minecraft:oak_log":223,"delightful:mini_melon":11,"minecraft:oak_fence_gate":3,"minecraft:sand":69,"minecraft:dirt":86,"minecraft:oak_leaves":294,"minecraft:deepslate":56,"minecraft:dark_prismarine":39,"minecraft:tuff":3,"minecraft:red_carpet":1,"iceandfire:silver_ore":2,"minecraft:mossy_cobblestone":2,"minecraft:dark_oak_leaves":1,"minecraft:candle":2,"born_in_chaos_v1:infected_diamond_ore":2,"biomesoplenty:bush":187,"minecraft:allium":5,"born_in_chaos_v1:black_argillite":1,"create_new_age:thorium_ore":20,"the_bumblezone:filled_porous_honeycomb_block":1,"animal_feeding_trough:feeding_trough":1,"minecraft:rooted_dirt":1,"minecraft:hay_block":28,"minecraft:furnace":6,"minecraft:carrots":9,"minecraft:andesite":27,"minecraft:stripped_spruce_log":2,"evilcraft:dark_ore":3,"minecraft:bookshelf":33,"minecraft:potatoes":216,"biomesoplenty:high_grass":1,"minecraft:deepslate_iron_ore":7,"minecraft:vine":1,"minecraft:lantern":1,"biomesoplenty:barley":2,"minecraft:stone":376,"valhelsia_structures:stone":21,"minecraft:oak_slab":9,"born_in_chaos_v1:marigolds":3,"create_new_age:magnetite_block":1,"minecraft:stone_brick_slab":5,"minecraft:dandelion":28,"minecraft:oak_fence":5,"minecraft:crafting_table":4,"minecraft:cornflower":4,"minecraft:rose_bush":2,"minecraft:andesite_slab":1,"samurai_dynasty:jade_ore":2,"minecraft:stone_slab":4,"biomesoplenty:high_grass_plant":8,"minecraft:copper_ore":1,"minecraft:tall_grass":29,"minecraft:lapis_ore":6,"minecraft:deepslate_gold_ore":1,"minecraft:diorite":11,"supplementaries:urn":27,"minecraft:purple_bed":1,"minecraft:dead_fire_coral_block":1,"minecraft:cobblestone_wall":1,"minecraft:stripped_spruce_wood":12,"minecraft:sweet_berry_bush":13,"minecraft:coal_ore":266,"minecraft:cobweb":10,"minecraft:cracked_stone_bricks":7,"minecraft:polished_andesite":6,"minecraft:stone_bricks":51,"minecraft:mossy_stone_bricks":5,"minecraft:gold_ore":8,"minecraft:chipped_anvil":1,"minecraft:fern":17},"minecraft:crafted":{"minecraft:oak_planks":386,"minecraft:bookshelf":27,"minecraft:glass":11,"minecraft:bow":2,"minecraft:iron_boots":2,"evilcraft:blood_extractor":5,"minecraft:chest":4,"minecraft:stone_hoe":2,"minecraft:oak_fence":55,"minecraft:golden_axe":2,"minecraft:arrow":28,"minecraft:cooked_porkchop":1,"minecraft:crafting_table":3,"minecraft:iron_helmet":1,"minecraft:baked_potato":110,"minecraft:wooden_pickaxe":1,"biomesoplenty:fir_planks":112,"minecraft:iron_chestplate":2,"minecraft:shield":1,"minecraft:stick":246,"minecraft:iron_ingot":61,"minecraft:stone_sword":1,"minecraft:gold_ingot":10,"evilcraft:dark_spike":3,"minecraft:shears":2,"minecraft:raw_iron":9,"minecraft:stone_shovel":1,"minecraft:iron_nugget":9,"minecraft:furnace":7,"minecraft:bone_meal":157,"alexsdelight:cooked_bison":7,"minecraft:iron_axe":2,"minecraft:stone_pickaxe":1,"minecraft:cobblestone_wall":30,"minecraft:wheat":180,"minecraft:cooked_beef":2,"minecraft:iron_sword":1,"minecraft:stone_axe":1,"minecraft:bread":54,"minecraft:air":930,"minecraft:oak_fence_gate":10,"minecraft:iron_shovel":2,"minecraft:iron_leggings":1,"minecraft:white_bed":1,"minecraft:torch":412},"minecraft:dropped":{"biomesoplenty:fir_log":6,"minecraft:iron_sword":2,"iceandfire:raw_silver":2,"minecraft:lapis_lazuli":58,"minecraft:oak_log":1,"minecraft:ender_pearl":1,"minecraft:crafting_table":1,"minecraft:crossbow":4,"minecraft:black_bed":1,"iceandfire:dragonscales_copper":3,"biomesoplenty:rose_quartz_chunk":1,"relics:horse_flute":1,"minecraft:dirt":18,"minecraft:grass":109,"minecraft:cornflower":5,"minecraft:mutton":5,"minecraft:chain":1,"minecraft:wooden_sword":1,"minecraft:iron_pickaxe":2,"minecraft:birch_log":1,"alexsmobs:animal_dictionary":1,"minecraft:cobbled_deepslate":11,"minecraft:wheat":8,"minecraft:obsidian":1,"minecraft:rotten_flesh":24,"minecraft:grindstone":1,"minecraft:oak_planks":35,"minecraft:fern":6,"minecraft:azure_bluet":2,"evilcraft:poison_sac":1,"supplementaries:antique_ink":2,"patchouli:guide_book":2,"paraglider:deku_leaf":1,"minecraft:poppy":4,"supplementaries:ash":9,"create:scoria":1,"born_in_chaos_v1:corpse_maggot":2,"ecologics:coconut_husk":4,"minecraft:arrow":9,"minecraft:quartz":9,"born_in_chaos_v1:marigolds":3,"domesticationinnovation:collar_tag":2,"minecraft:oak_leaves":2,"minecraft:stone_hoe":2,"minecraft:bread":75,"minecraft:iron_ingot":80,"minecraft:oak_slab":2,"minecraft:wheat_seeds":45,"create:polished_rose_quartz":1,"minecraft:iron_helmet":1,"minecraft:cobblestone":109,"delightful:mini_melon":21,"mowziesmobs:wrought_axe":1,"minecraft:stick":3,"minecraft:oxeye_daisy":3,"relics:roller_skates":2,"minecraft:diorite":5,"iceandfire:copper_nugget":66,"minecraft:torch":122,"minecraft:rose_bush":1,"born_in_chaos_v1:fused_bone":4,"minecraft:iron_leggings":1,"born_in_chaos_v1:scorched_planks_slab":1,"minecraft:iron_shovel":1,"minecraft:string":9,"create:sand_paper":1,"iceandfire:dragonbone":6,"minecraft:dandelion":26,"sophisticatedbackpacks:backpack":1,"minecraft:shears":1,"minecraft:diamond_sword":2,"create_new_age:magnetite_block":1,"minecraft:shield":2,"biomesoplenty:fir_planks":14,"fishofthieves:earthworms":29,"aether:iron_gloves":1,"alexsmobs:cockroach_wing_fragment":1,"minecraft:iron_chestplate":1,"minecraft:diamond_pickaxe":4,"minecraft:andesite":24,"minecraft:oak_sapling":4,"minecraft:spider_eye":1,"minecraft:barrel":13,"samurai_dynasty:jade":2,"artifacts:cross_necklace":1,"biomesoplenty:bush":108,"simplyswords:waxweaver":1},"minecraft:used":{"minecraft:iron_shovel":686,"minecraft:chest":8,"minecraft:shield":2,"minecraft:iron_sword":23,"minecraft:carrot":9,"minecraft:lantern":2,"minecraft:iron_helmet":1,"minecraft:item_frame":2,"minecraft:stone_bricks":4,"minecraft:bow":60,"minecraft:oak_sapling":43,"minecraft:furnace":9,"simplyswords:waxweaver":86,"minecraft:potato":375,"minecraft:mossy_stone_bricks":1,"minecraft:diorite":7,"minecraft:stone_pickaxe":38,"minecraft:ender_pearl":1,"useless_sword:coal_sword":1,"minecraft:wooden_pickaxe":59,"minecraft:golden_apple":4,"biomesoplenty:fir_planks":17,"simplyswords:iron_chakram":11,"minecraft:shears":291,"relics:horse_flute":1,"minecraft:bread":148,"ecologics:coconut_slice":4,"minecraft:diamond_sword":568,"minecraft:grindstone":1,"minecraft:andesite":3,"minecraft:coarse_dirt":1,"farmersdelight:kelp_roll_slice":2,"minecraft:bone_meal":217,"minecraft:stone_sword":31,"minecraft:enchanting_table":1,"minecraft:armor_stand":3,"minecraft:stone_hoe":364,"minecraft:torch":517,"minecraft:dirt":589,"minecraft:anvil":2,"minecraft:cobblestone_wall":25,"minecraft:oak_fence_gate":10,"minecraft:chipped_anvil":1,"minecraft:bookshelf":27,"minecraft:iron_axe":394,"minecraft:iron_boots":2,"minecraft:barrel":1,"duckling:duck_egg":1,"minecraft:golden_axe":19,"alexsdelight:cooked_bison":1,"minecraft:cobbled_deepslate":26,"minecraft:iron_leggings":1,"minecraft:water_bucket":12,"minecraft:baked_potato":42,"animal_feeding_trough:feeding_trough":1,"minecraft:red_bed":4,"minecraft:crafting_table":3,"minecraft:white_bed":2,"minecraft:oak_log":18,"minecraft:diamond_pickaxe":212,"minecraft:apple":4,"minecraft:iron_pickaxe":936,"minecraft:stone_slab":2,"minecraft:stone_axe":47,"minecraft:cobblestone":284,"minecraft:bucket":10,"minecraft:cooked_porkchop":1,"alexsmobs:animal_dictionary":1,"minecraft:candle":3},"minecraft:broken":{"minecraft:iron_shovel":2,"minecraft:shears":1,"aether:iron_gloves":1,"minecraft:wooden_pickaxe":1,"minecraft:golden_axe":2,"minecraft:iron_axe":1,"minecraft:iron_pickaxe":1},"minecraft:picked_up":{"minecraft:wheat":29,"illagerinvasion:platinum_chunk":1,"minecraft:anvil":3,"minecraft:flower_pot":5,"aether:iron_gloves":1,"minecraft:lead":11,"minecraft:stone_slab":9,"minecraft:diamond_sword":3,"minecraft:enchanted_book":5,"minecraft:stone_brick_stairs":10,"born_in_chaos_v1:black_argillite":2,"minecraft:string":48,"minecraft:soul_soil":1,"minecraft:raw_copper":182,"minecraft:beetroot_soup":1,"minecraft:armor_stand":6,"create:piston_extension_pole":24,"minecraft:experience_bottle":2,"minecraft:zombie_head":1,"paraglider:deku_leaf":1,"create:sand_paper":1,"bosses_of_mass_destruction:soul_star":2,"minecraft:smooth_stone":1,"minecraft:gold_nugget":110,"minecraft:cobbled_deepslate":320,"biomesoplenty:fir_planks":6,"minecraft:bucket":4,"minecraft:spruce_planks":9,"delightful:acorn":51,"minecraft:rose_bush":4,"samurai_dynasty:raw_silver":28,"born_in_chaos_v1:stimulating_decoction":6,"delightful:green_tea_leaf":24,"minecraft:mangrove_log":2,"ecologics:crab_claw":2,"minecraft:furnace":10,"minecraft:stick":101,"born_in_chaos_v1:shattered_skull":8,"simplyswords:waxweaver":1,"minecraft:oak_fence":7,"minecraft:torch":98,"create:andesite_casing":4,"minecraft:porkchop":12,"minecraft:golden_axe":5,"iceandfire:lightning_dragon_flesh":3,"minecraft:dried_kelp":26,"minecraft:cherry_log":1,"minecraft:diorite":69,"minecraft:cauldron":1,"create:large_cogwheel":1,"minecraft:stone_sword":1,"minecraft:rotten_flesh":133,"animal_feeding_trough:feeding_trough":1,"biomesoplenty:rose_quartz_chunk":12,"create:scoria":13,"farmersdelight:onion":7,"relics:horse_flute":1,"supplementaries:antique_ink":22,"alexsdelight:raw_bison":6,"supplementaries:ash":69,"minecraft:obsidian":31,"minecraft:iron_bars":1,"minecraft:blaze_powder":1,"minecraft:cobblestone":580,"paraglider:paraglider":1,"minecraft:birch_log":1,"minecraft:enchanting_table":3,"born_in_chaos_v1:staffof_magic_arrows":1,"relics:roller_skates":3,"minecraft:leather_chestplate":1,"minecraft:feather":19,"minecraft:andesite":59,"minecraft:black_bed":2,"exposure:aged_photograph":1,"minecraft:potato":1093,"biomesoplenty:fir_log":34,"alexsmobs:bison_fur":1,"create:belt_connector":4,"minecraft:flint":1,"minecraft:tuff":54,"minecraft:stripped_spruce_wood":2,"create:raw_zinc":41,"supplementaries:flax_seeds":7,"minecraft:map":10,"minecraft:lapis_lazuli":416,"farmersdelight:tomato":14,"minecraft:dirt":753,"minecraft:lantern":4,"minecraft:name_tag":3,"biomesoplenty:bush":111,"born_in_chaos_v1:marigolds":5,"wandering_bags:forbidden_spell":1,"minecraft:hanging_roots":2,"minecraft:bone":186,"minecraft:chipped_anvil":4,"minecraft:bow":1,"delightful:mini_melon":21,"minecraft:wheat_seeds":69,"minecraft:raw_gold":45,"create_new_age:magnetite_block":3,"minecraft:grindstone":2,"fishofthieves:earthworms":78,"create:shaft":31,"minecraft:mossy_stone_bricks":7,"minecraft:honeycomb":2,"minecraft:bamboo":4,"immersive_aircraft:sail":1,"minecraft:powered_rail":11,"minecraft:moss_block":6,"minecraft:oak_planks":89,"minecraft:stone_hoe":3,"duckling:duck_egg":3,"exoticbirds:gull_egg":1,"create:cogwheel":3,"minecraft:poisonous_potato":7,"iceandfire:shiny_scales":1,"useless_sword:redstone_sword":1,"minecraft:sand":72,"minecraft:stripped_spruce_log":2,"iceandfire:lightning_dragon_heart":1,"farmersdelight:ham":1,"minecraft:barrel":29,"minecraft:mossy_cobblestone":4,"minecraft:dark_prismarine":39,"minecraft:polished_andesite":6,"minecraft:sugar":14,"minecraft:diamond":4,"minecraft:chainmail_helmet":1,"minecraft:crossbow":5,"minecraft:granite":12,"minecraft:golden_horse_armor":1,"minecraft:grass":109,"minecraft:bone_meal":5,"minecraft:golden_apple":3,"minecraft:emerald":138,"minecraft:bread":58,"minecraft:rooted_dirt":4,"born_in_chaos_v1:rotten_fish":1,"minecraft:oak_sapling":173,"sophisticatedbackpacks:gold_backpack":1,"minecraft:netherrack":10,"minecraft:andesite_slab":2,"minecraft:oak_leaves":305,"iceandfire:raw_silver":19,"minecraft:diamond_pickaxe":3,"the_bumblezone:porous_honeycomb_block":2,"minecraft:coarse_dirt":17,"iceandfire:dragon_skull_lightning":1,"minecraft:crafting_table":6,"born_in_chaos_v1:diamond_termite_shard":10,"create_new_age:thorium":204,"minecraft:allium":9,"minecraft:azure_bluet":4,"minecraft:ladder":2,"exoticbirds:pigeon_egg":1,"born_in_chaos_v1:charmof_resistance":1,"minecraft:chain":6,"minecraft:shield":7,"minecraft:cornflower":5,"minecraft:red_bed":5,"evilcraft:poison_sac":2,"minecraft:iron_axe":1,"minecraft:wooden_sword":1,"minecraft:flint_and_steel":1,"born_in_chaos_v1:intoxicating_decoction":7,"minecraft:item_frame":3,"minecraft:compass":6,"minecraft:iron_shovel":2,"minecraft:blue_orchid":2,"minecraft:cracked_stone_bricks":12,"iceandfire:bestiary":1,"minecraft:candle":7,"minecraft:beef":3,"valhelsia_structures:doused_torch":1,"minecraft:iron_nugget":25,"minecraft:poppy":8,"minecraft:light_gray_wool":3,"minecraft:spruce_slab":8,"minecraft:sugar_cane":4,"minecraft:chest":18,"minecraft:egg":1,"create:polished_rose_quartz":12,"born_in_chaos_v1:scorched_planks_slab":1,"minecraft:raw_iron":336,"iceandfire:dragonbone":9,"minecraft:stone":3,"minecraft:glow_item_frame":2,"ecologics:coconut_slice":14,"twilightforest:twilight_oak_chest":2,"minecraft:copper_ingot":16,"sophisticatedbackpacks:backpack":1,"minecraft:note_block":8,"born_in_chaos_v1:pieceofdarkmetal":24,"minecraft:carrot":36,"minecraft:redstone":50,"create:zinc_ingot":4,"samurai_dynasty:spirit_flame":5,"minecraft:arrow":44,"minecraft:shears":1,"relics:arrow_quiver":1,"minecraft:hay_block":45,"minecraft:saddle":2,"minecraft:gold_ingot":22,"minecraft:white_wool":18,"domesticationinnovation:collar_tag":2,"minecraft:skeleton_skull":4,"minecraft:mutton":33,"minecraft:bone_block":26,"exoticbirds:raw_birdmeat":6,"minecraft:rail":31,"minecraft:oxeye_daisy":3,"born_in_chaos_v1:fused_bone":8,"born_in_chaos_v1:corpse_maggot":37,"born_in_chaos_v1:monster_flesh":3,"minecraft:golden_carrot":2,"minecraft:glow_ink_sac":2,"samurai_dynasty:ruby":13,"minecraft:leather":12,"minecraft:fern":6,"samurai_dynasty:jade":8,"fishofthieves:grubs":6,"minecraft:oak_log":245,"create:andesite_alloy":38,"iceandfire:ectoplasm":1,"farlanders:looter_hood":1,"minecraft:cobblestone_wall":9,"minecraft:gunpowder":70,"mowziesmobs:wrought_axe":1,"minecraft:paper":11,"exoticbirds:cooked_birdmeat":1,"minecraft:red_carpet":21,"alexsmobs:cockroach_wing_fragment":1,"minecraft:apple":87,"minecraft:stone_bricks":87,"minecraft:kelp":82,"minecraft:iron_ingot":80,"minecraft:oak_fence_gate":11,"minecraft:stone_pickaxe":2,"minecraft:cobweb":10,"minecraft:stripped_oak_wood":11,"minecraft:glass_bottle":13,"minecraft:iron_sword":6,"minecraft:book":119,"minecraft:tropical_fish_bucket":1,"minecraft:oak_slab":14,"iceandfire:copper_nugget":66,"exoticbirds:swan_egg":3,"minecraft:dark_oak_slab":4,"minecraft:sweet_berries":75,"born_in_chaos_v1:ethereal_spirit":6,"minecraft:stone_brick_slab":10,"minecraft:red_wool":4,"minecraft:quartz":18,"minecraft:dandelion":30,"minecraft:raw_iron_block":1,"minecraft:dead_fire_coral_block":1,"minecraft:amethyst_shard":14,"mowziesmobs:wrought_helmet":1,"minecraft:white_bed":1,"artifacts:scarf_of_invisibility":1,"simplyswords:gold_rapier":1,"minecraft:spider_eye":2,"iceandfire:dragonscales_copper":19,"create:electron_tube":4,"minecraft:purple_bed":2,"evilcraft:dark_gem":31,"minecraft:iron_helmet":2,"wandering_bags:witch_bag":1,"the_bumblezone:pollen_puff":2,"minecraft:painting":2,"domesticationinnovation:drum":1,"minecraft:baked_potato":115,"minecraft:damaged_anvil":2,"simplyswords:iron_chakram":1,"minecraft:black_wool":3,"minecraft:coal":291,"minecraft:ender_pearl":2},"minecraft:killed":{"born_in_chaos_v1:zombie_clown":1,"minecraft:cave_spider":4,"minecraft:zombified_piglin":18,"minecraft:witch":1,"born_in_chaos_v1:restless_spirit":1,"minecraft:spider":3,"born_in_chaos_v1:siamese_skeletonsright":1,"minecraft:skeleton":25,"born_in_chaos_v1:skeleton_thrasher":1,"ecologics:coconut_crab":1,"minecraft:piglin_brute":1,"artifacts:mimic":1,"minecraft:pig":2,"farlanders:rebel":3,"minecraft:zombie_villager":3,"born_in_chaos_v1:diamond_termite":7,"alexsmobs:seal":1,"minecraft:creeper":6,"enemyexpansion:meature":1,"tinyskeletons:baby_skeleton":1,"minecraft:zombie":24,"born_in_chaos_v1:dread_hound":2,"born_in_chaos_v1:corpse_fly":11,"enemyexpansion:botfly":5,"iceandfire:lightning_dragon":1,"born_in_chaos_v1:door_knight":1,"enemyexpansion:trollenraged":1,"born_in_chaos_v1:missioner":1,"enemyexpansion:intruder":2,"born_in_chaos_v1:zombie_clown_not_despawn":1,"alexsmobs:raccoon":1,"samurai_dynasty:onibi":1,"enemyexpansion:direwolf":2,"born_in_chaos_v1:maggot":13,"enemyexpansion:faller":2,"alexsmobs:bison":2,"goblintraders:goblin_trader":1,"duckling:duck":1,"born_in_chaos_v1:swarmer":1,"naturalist:butterfly":1,"minecraft:bat":2,"enemyexpansion:sprinter":1,"born_in_chaos_v1:decrepit_skeleton":7,"alexsmobs:cockroach":2,"iceandfire:ghost":3,"exoticbirds:pigeon":2,"born_in_chaos_v1:dark_vortex":1,"enemyexpansion:huntsman":2}},"DataVersion":3465}