{"stats":{"minecraft:killed":{"born_in_chaos_v1:zombie_clown":1,"minecraft:cave_spider":4,"alexsmobs:raccoon":1,"born_in_chaos_v1:maggot":8,"minecraft:skeleton":13,"born_in_chaos_v1:skeleton_thrasher":1,"alexsmobs:bison":2,"minecraft:pig":2,"farlanders:rebel":2,"born_in_chaos_v1:diamond_termite":3,"minecraft:zombie_villager":2,"born_in_chaos_v1:swarmer":1,"minecraft:bat":1,"minecraft:creeper":1,"born_in_chaos_v1:decrepit_skeleton":3,"minecraft:zombie":18,"exoticbirds:pigeon":1,"born_in_chaos_v1:corpse_fly":6,"enemyexpansion:botfly":2,"enemyexpansion:huntsman":2,"born_in_chaos_v1:door_knight":1},"minecraft:broken":{"minecraft:wooden_pickaxe":1},"minecraft:crafted":{"minecraft:raw_iron":9,"minecraft:stone_shovel":1,"alexsdelight:cooked_bison":7,"minecraft:bow":1,"minecraft:iron_boots":1,"minecraft:stone_pickaxe":1,"minecraft:wheat":180,"minecraft:cooked_beef":2,"minecraft:cooked_porkchop":1,"minecraft:crafting_table":1,"minecraft:wooden_pickaxe":1,"minecraft:iron_sword":1,"minecraft:stone_axe":1,"minecraft:bread":54,"minecraft:air":0,"biomesoplenty:fir_planks":92,"minecraft:iron_chestplate":1,"minecraft:shield":1,"minecraft:stick":76,"minecraft:iron_ingot":15,"minecraft:stone_sword":1,"minecraft:torch":232},"minecraft:dropped":{"iceandfire:raw_silver":2,"minecraft:iron_sword":2,"minecraft:crafting_table":1,"minecraft:cobblestone":43,"minecraft:black_bed":1,"minecraft:dirt":18,"minecraft:diorite":2,"minecraft:torch":61,"minecraft:iron_pickaxe":2,"minecraft:string":9,"alexsmobs:animal_dictionary":1,"minecraft:cobbled_deepslate":11,"minecraft:obsidian":1,"minecraft:rotten_flesh":19,"patchouli:guide_book":2,"biomesoplenty:fir_planks":14,"create:scoria":1,"minecraft:diamond_pickaxe":1,"minecraft:andesite":18},"minecraft:custom":{"minecraft:interact_with_anvil":2,"minecraft:mob_kills":75,"minecraft:interact_with_crafting_table":18,"minecraft:open_barrel":33,"minecraft:damage_dealt_resisted":1657,"minecraft:eat_cake_slice":9,"minecraft:leave_game":2,"minecraft:time_since_death":110642,"minecraft:climb_one_cm":18435,"minecraft:damage_resisted":208,"minecraft:sprint_one_cm":275945,"minecraft:walk_one_cm":412406,"minecraft:drop":50,"minecraft:talked_to_villager":1,"minecraft:play_time":143382,"minecraft:deaths":1,"minecraft:sneak_time":598,"minecraft:walk_under_water_one_cm":28996,"minecraft:jump":1935,"minecraft:interact_with_blast_furnace":2,"minecraft:walk_on_water_one_cm":45981,"minecraft:total_world_time":143382,"minecraft:interact_with_furnace":41,"minecraft:interact_with_cartography_table":3,"minecraft:interact_with_loom":1,"minecraft:pot_flower":1,"minecraft:interact_with_grindstone":1,"minecraft:sleep_in_bed":6,"minecraft:time_since_rest":779,"minecraft:waystone_activated":1,"minecraft:damage_taken":2490,"minecraft:damage_dealt":11497,"minecraft:swim_one_cm":39895,"minecraft:fly_one_cm":298141,"minecraft:open_chest":73,"minecraft:crouch_one_cm":1131,"minecraft:interact_with_smoker":6,"minecraft:fall_one_cm":58488},"minecraft:used":{"minecraft:stone_sword":31,"minecraft:chest":1,"minecraft:shield":1,"minecraft:iron_sword":23,"minecraft:torch":233,"minecraft:chipped_anvil":1,"minecraft:lantern":1,"minecraft:bow":19,"alexsdelight:cooked_bison":1,"minecraft:iron_leggings":1,"minecraft:stone_pickaxe":38,"minecraft:wooden_pickaxe":59,"biomesoplenty:fir_planks":17,"minecraft:crafting_table":1,"minecraft:red_bed":4,"minecraft:diamond_pickaxe":49,"minecraft:apple":3,"minecraft:bread":42,"minecraft:iron_pickaxe":395,"minecraft:stone_axe":47,"minecraft:diamond_sword":219,"minecraft:cobblestone":59,"minecraft:cooked_porkchop":1,"alexsmobs:animal_dictionary":1,"minecraft:candle":3},"minecraft:mined":{"minecraft:tuff":3,"iceandfire:silver_ore":2,"minecraft:candle":2,"born_in_chaos_v1:infected_diamond_ore":1,"minecraft:obsidian":24,"minecraft:granite":1,"biomesoplenty:bush":16,"born_in_chaos_v1:black_argillite":1,"minecraft:hay_block":11,"minecraft:raw_iron_block":1,"minecraft:furnace":1,"minecraft:iron_ore":45,"minecraft:andesite":18,"evilcraft:dark_ore":3,"biomesoplenty:hanging_cobweb":1,"minecraft:bookshelf":4,"biomesoplenty:high_grass":1,"biomesoplenty:webbing":6,"minecraft:lantern":1,"minecraft:stone":257,"minecraft:red_bed":4,"minecraft:crafting_table":2,"minecraft:calcite":1,"minecraft:chest":1,"minecraft:rose_bush":1,"biomesoplenty:high_grass_plant":8,"minecraft:tall_grass":1,"minecraft:copper_ore":1,"minecraft:cobblestone":2,"minecraft:lapis_ore":6,"minecraft:deepslate_gold_ore":1,"minecraft:grindstone":1,"minecraft:diorite":2,"minecraft:wall_torch":1,"supplementaries:urn":19,"evilcraft:dark_ore_deepslate":2,"biomesoplenty:fir_log":37,"minecraft:grass":35,"minecraft:coal_ore":68,"minecraft:dirt":10,"minecraft:cobweb":6,"minecraft:chipped_anvil":1,"minecraft:gold_ore":2,"minecraft:deepslate":56},"minecraft:picked_up":{"born_in_chaos_v1:diamond_termite_shard":3,"minecraft:crafting_table":3,"minecraft:enchanted_book":1,"born_in_chaos_v1:black_argillite":1,"minecraft:string":20,"minecraft:red_bed":4,"minecraft:raw_copper":4,"minecraft:armor_stand":3,"minecraft:candle":7,"minecraft:gold_nugget":36,"minecraft:cobbled_deepslate":96,"minecraft:bucket":1,"delightful:acorn":1,"minecraft:iron_nugget":15,"born_in_chaos_v1:stimulating_decoction":3,"minecraft:chest":1,"minecraft:furnace":1,"minecraft:raw_iron":45,"born_in_chaos_v1:shattered_skull":1,"twilightforest:twilight_oak_chest":1,"minecraft:torch":62,"minecraft:porkchop":2,"minecraft:diorite":4,"born_in_chaos_v1:pieceofdarkmetal":2,"minecraft:redstone":4,"minecraft:arrow":14,"minecraft:rotten_flesh":35,"create:scoria":1,"supplementaries:antique_ink":7,"minecraft:hay_block":11,"alexsdelight:raw_bison":6,"supplementaries:ash":26,"minecraft:obsidian":25,"minecraft:skeleton_skull":1,"minecraft:cobblestone":299,"paraglider:paraglider":1,"born_in_chaos_v1:corpse_maggot":8,"minecraft:feather":1,"minecraft:golden_carrot":1,"minecraft:andesite":19,"minecraft:black_bed":1,"biomesoplenty:fir_log":34,"alexsmobs:bison_fur":1,"exposure:aged_photograph":1,"minecraft:flint":1,"minecraft:oak_log":4,"supplementaries:flax_seeds":5,"minecraft:gunpowder":3,"minecraft:lapis_lazuli":42,"minecraft:dirt":18,"minecraft:lantern":2,"minecraft:bone":38,"minecraft:chipped_anvil":1,"minecraft:raw_gold":6,"minecraft:grindstone":1,"minecraft:iron_ingot":9,"minecraft:moss_block":6,"minecraft:iron_sword":1,"minecraft:book":9,"minecraft:dandelion":1,"minecraft:raw_iron_block":1,"evilcraft:dark_gem":26,"minecraft:granite":2,"minecraft:emerald":52,"minecraft:chainmail_helmet":1,"minecraft:coal":67,"iceandfire:raw_silver":2,"minecraft:diamond_pickaxe":1}},"DataVersion":3465}