{"stats":{"minecraft:dropped":{"biomesoplenty:fir_log":6,"iceandfire:raw_silver":2,"minecraft:iron_sword":2,"minecraft:crafting_table":1,"minecraft:cobblestone":43,"minecraft:black_bed":1,"minecraft:dirt":18,"minecraft:diorite":2,"minecraft:torch":61,"minecraft:iron_pickaxe":2,"minecraft:string":9,"alexsmobs:animal_dictionary":1,"minecraft:cobbled_deepslate":11,"minecraft:obsidian":1,"minecraft:rotten_flesh":19,"patchouli:guide_book":2,"minecraft:poppy":1,"biomesoplenty:fir_planks":14,"create:scoria":1,"minecraft:diamond_pickaxe":1,"minecraft:andesite":18},"minecraft:used":{"minecraft:iron_shovel":22,"minecraft:stone_sword":31,"minecraft:chest":3,"minecraft:shield":1,"minecraft:iron_sword":23,"minecraft:stone_hoe":100,"minecraft:torch":254,"minecraft:dirt":4,"minecraft:cobblestone_wall":25,"minecraft:chipped_anvil":1,"minecraft:lantern":1,"minecraft:iron_axe":4,"minecraft:bow":21,"minecraft:furnace":6,"minecraft:potato":107,"minecraft:cobbled_deepslate":26,"alexsdelight:cooked_bison":1,"minecraft:iron_leggings":1,"minecraft:water_bucket":12,"minecraft:stone_pickaxe":38,"useless_sword:coal_sword":1,"minecraft:wooden_pickaxe":59,"biomesoplenty:fir_planks":17,"minecraft:crafting_table":2,"minecraft:red_bed":4,"minecraft:diamond_pickaxe":51,"minecraft:apple":3,"minecraft:bread":44,"minecraft:iron_pickaxe":523,"minecraft:stone_axe":47,"minecraft:diamond_sword":276,"minecraft:cobblestone":59,"minecraft:cooked_porkchop":1,"minecraft:bucket":10,"alexsmobs:animal_dictionary":1,"minecraft:bone_meal":45,"minecraft:candle":3},"minecraft:mined":{"minecraft:tuff":3,"iceandfire:silver_ore":2,"minecraft:farmland":7,"minecraft:mossy_cobblestone":1,"minecraft:candle":2,"born_in_chaos_v1:infected_diamond_ore":1,"minecraft:obsidian":24,"minecraft:granite":1,"biomesoplenty:bush":35,"minecraft:grass_block":13,"born_in_chaos_v1:black_argillite":1,"minecraft:hay_block":11,"minecraft:raw_iron_block":1,"minecraft:furnace":3,"minecraft:iron_ore":45,"minecraft:cobbled_deepslate":2,"valhelsia_structures:andesite":2,"minecraft:andesite":18,"evilcraft:dark_ore":3,"biomesoplenty:hanging_cobweb":1,"minecraft:bookshelf":4,"minecraft:potatoes":19,"biomesoplenty:high_grass":1,"biomesoplenty:webbing":6,"minecraft:lantern":1,"minecraft:stone":284,"valhelsia_structures:stone":19,"minecraft:red_bed":4,"minecraft:stone_brick_slab":5,"minecraft:crafting_table":3,"minecraft:torch":1,"minecraft:calcite":1,"minecraft:poppy":1,"minecraft:chest":1,"minecraft:rose_bush":1,"minecraft:andesite_slab":1,"minecraft:stone_slab":3,"biomesoplenty:high_grass_plant":8,"minecraft:copper_ore":1,"minecraft:tall_grass":3,"minecraft:cobblestone":12,"minecraft:deepslate_gold_ore":1,"minecraft:lapis_ore":6,"minecraft:grindstone":1,"minecraft:diorite":2,"minecraft:wall_torch":4,"supplementaries:urn":19,"minecraft:cobblestone_wall":1,"evilcraft:dark_ore_deepslate":2,"minecraft:sweet_berry_bush":2,"biomesoplenty:fir_log":37,"minecraft:stone_brick_stairs":5,"minecraft:grass":54,"minecraft:oak_log":3,"minecraft:coal_ore":73,"minecraft:dirt":12,"minecraft:cobweb":6,"minecraft:cracked_stone_bricks":5,"minecraft:stone_bricks":35,"minecraft:gold_ore":2,"minecraft:chipped_anvil":1,"minecraft:mossy_stone_bricks":3,"minecraft:oak_leaves":19,"minecraft:deepslate":56,"minecraft:fern":1},"minecraft:picked_up":{"born_in_chaos_v1:diamond_termite_shard":3,"minecraft:crafting_table":4,"create_new_age:thorium":60,"minecraft:stone_slab":3,"minecraft:enchanted_book":1,"minecraft:stone_brick_stairs":5,"born_in_chaos_v1:black_argillite":1,"minecraft:string":27,"minecraft:red_bed":4,"minecraft:raw_copper":70,"minecraft:armor_stand":3,"minecraft:cracked_stone_bricks":5,"minecraft:candle":7,"minecraft:gold_nugget":36,"minecraft:cobbled_deepslate":98,"minecraft:bucket":1,"delightful:acorn":1,"samurai_dynasty:raw_silver":14,"minecraft:iron_nugget":15,"minecraft:poppy":2,"born_in_chaos_v1:stimulating_decoction":3,"minecraft:chest":1,"minecraft:furnace":3,"minecraft:raw_iron":104,"born_in_chaos_v1:shattered_skull":2,"twilightforest:twilight_oak_chest":1,"minecraft:torch":65,"sophisticatedbackpacks:backpack":1,"minecraft:porkchop":2,"minecraft:diorite":4,"born_in_chaos_v1:pieceofdarkmetal":4,"minecraft:redstone":4,"minecraft:arrow":14,"minecraft:rotten_flesh":35,"create:scoria":1,"supplementaries:antique_ink":10,"minecraft:hay_block":11,"alexsdelight:raw_bison":6,"minecraft:gold_ingot":2,"supplementaries:ash":57,"minecraft:obsidian":25,"minecraft:skeleton_skull":1,"minecraft:cobblestone":336,"paraglider:paraglider":1,"born_in_chaos_v1:corpse_maggot":10,"minecraft:feather":1,"minecraft:golden_carrot":1,"minecraft:andesite":21,"minecraft:black_bed":1,"minecraft:leather":2,"samurai_dynasty:jade":6,"minecraft:potato":107,"biomesoplenty:fir_log":34,"alexsmobs:bison_fur":1,"exposure:aged_photograph":1,"minecraft:flint":1,"create:raw_zinc":8,"minecraft:oak_log":6,"supplementaries:flax_seeds":5,"minecraft:cobblestone_wall":1,"minecraft:gunpowder":17,"minecraft:lapis_lazuli":182,"minecraft:dirt":36,"minecraft:lantern":2,"minecraft:bone":63,"minecraft:hanging_roots":1,"minecraft:chipped_anvil":1,"minecraft:stone_bricks":34,"minecraft:wheat_seeds":3,"minecraft:raw_gold":11,"minecraft:grindstone":1,"minecraft:iron_ingot":18,"minecraft:cobweb":9,"fishofthieves:earthworms":1,"minecraft:mossy_stone_bricks":3,"minecraft:moss_block":6,"minecraft:iron_sword":1,"minecraft:book":9,"minecraft:sweet_berries":8,"minecraft:stone_brick_slab":5,"minecraft:dandelion":1,"minecraft:raw_iron_block":1,"minecraft:mossy_cobblestone":1,"evilcraft:dark_gem":26,"minecraft:granite":2,"minecraft:emerald":52,"minecraft:chainmail_helmet":1,"minecraft:oak_sapling":1,"minecraft:coal":85,"minecraft:andesite_slab":1,"iceandfire:raw_silver":8,"minecraft:diamond_pickaxe":1},"minecraft:crafted":{"minecraft:oak_planks":8,"minecraft:raw_iron":9,"minecraft:stone_shovel":1,"minecraft:iron_nugget":9,"minecraft:furnace":4,"minecraft:bone_meal":45,"alexsdelight:cooked_bison":7,"minecraft:bow":1,"minecraft:iron_boots":1,"minecraft:iron_axe":1,"minecraft:stone_pickaxe":1,"minecraft:cobblestone_wall":30,"minecraft:chest":2,"minecraft:stone_hoe":1,"minecraft:wheat":180,"minecraft:cooked_beef":2,"minecraft:cooked_porkchop":1,"minecraft:crafting_table":2,"minecraft:wooden_pickaxe":1,"minecraft:iron_sword":1,"minecraft:stone_axe":1,"minecraft:bread":54,"minecraft:air":0,"biomesoplenty:fir_planks":112,"minecraft:iron_chestplate":1,"minecraft:shield":1,"minecraft:stick":96,"minecraft:iron_ingot":16,"minecraft:stone_sword":1,"minecraft:iron_shovel":1,"minecraft:torch":288},"minecraft:custom":{"minecraft:interact_with_anvil":2,"minecraft:mob_kills":76,"minecraft:interact_with_crafting_table":28,"minecraft:open_barrel":33,"minecraft:damage_dealt_resisted":1657,"minecraft:eat_cake_slice":9,"minecraft:leave_game":2,"minecraft:time_since_death":134397,"minecraft:climb_one_cm":18438,"minecraft:damage_resisted":208,"minecraft:sprint_one_cm":302054,"minecraft:walk_one_cm":507821,"minecraft:drop":52,"minecraft:talked_to_villager":1,"minecraft:play_time":167137,"minecraft:deaths":1,"minecraft:sneak_time":598,"minecraft:walk_under_water_one_cm":29335,"minecraft:jump":1999,"minecraft:interact_with_blast_furnace":2,"minecraft:walk_on_water_one_cm":46311,"minecraft:total_world_time":167137,"minecraft:interact_with_furnace":43,"minecraft:interact_with_cartography_table":3,"minecraft:interact_with_loom":1,"minecraft:pot_flower":1,"minecraft:interact_with_grindstone":1,"minecraft:sleep_in_bed":7,"minecraft:time_since_rest":11088,"minecraft:waystone_activated":1,"minecraft:damage_taken":2554,"minecraft:damage_dealt":11531,"minecraft:swim_one_cm":39895,"minecraft:fly_one_cm":307900,"minecraft:open_chest":131,"minecraft:crouch_one_cm":1131,"minecraft:interact_with_smoker":6,"minecraft:fall_one_cm":59324},"minecraft:killed":{"born_in_chaos_v1:zombie_clown":1,"minecraft:cave_spider":4,"alexsmobs:raccoon":1,"born_in_chaos_v1:maggot":8,"minecraft:skeleton":13,"born_in_chaos_v1:skeleton_thrasher":1,"alexsmobs:bison":2,"minecraft:pig":2,"farlanders:rebel":2,"born_in_chaos_v1:diamond_termite":3,"minecraft:zombie_villager":2,"born_in_chaos_v1:swarmer":1,"minecraft:bat":1,"minecraft:creeper":2,"born_in_chaos_v1:decrepit_skeleton":3,"minecraft:zombie":18,"exoticbirds:pigeon":1,"born_in_chaos_v1:corpse_fly":6,"enemyexpansion:botfly":2,"enemyexpansion:huntsman":2,"born_in_chaos_v1:door_knight":1},"minecraft:broken":{"minecraft:wooden_pickaxe":1}},"DataVersion":3465}