{"stats":{"minecraft:custom":{"minecraft:interact_with_crafting_table":70,"minecraft:open_barrel":86,"goblintraders:trade_with_goblin":9,"minecraft:eat_cake_slice":9,"minecraft:leave_game":6,"minecraft:time_since_death":7707,"minecraft:damage_blocked_by_shield":90,"minecraft:play_time":796353,"minecraft:deaths":5,"minecraft:jump":9336,"minecraft:enchant_item":12,"minecraft:interact_with_furnace":176,"minecraft:interact_with_cartography_table":4,"minecraft:sleep_in_bed":39,"minecraft:waystone_activated":7,"minecraft:damage_dealt":50887,"minecraft:interact_with_smoker":10,"minecraft:horse_one_cm":265,"minecraft:interact_with_smithing_table":2,"minecraft:interact_with_anvil":16,"minecraft:sneak_time":7052,"minecraft:interact_with_blast_furnace":2,"minecraft:total_world_time":796353,"minecraft:tune_noteblock":2,"minecraft:interact_with_stonecutter":1,"minecraft:time_since_rest":7737,"minecraft:swim_one_cm":123553,"minecraft:fly_one_cm":1701147,"minecraft:open_chest":972,"minecraft:fall_one_cm":287701,"minecraft:animals_bred":3,"minecraft:damage_resisted":214,"minecraft:sprint_one_cm":1601169,"minecraft:drop":294,"minecraft:talked_to_villager":7,"minecraft:interact_with_brewingstand":1,"minecraft:walk_on_water_one_cm":129116,"minecraft:interact_with_loom":1,"minecraft:crouch_one_cm":20570,"minecraft:mob_kills":274,"minecraft:damage_dealt_resisted":4070,"minecraft:climb_one_cm":48458,"minecraft:walk_one_cm":2277385,"minecraft:walk_under_water_one_cm":48987,"minecraft:pot_flower":1,"minecraft:interact_with_grindstone":5,"minecraft:damage_taken":15656,"minecraft:damage_absorbed":80,"minecraft:trigger_trapped_chest":2},"minecraft:used":{"minecraft:chest":9,"minecraft:bow":102,"minecraft:furnace":9,"minecraft:oak_sapling":54,"minecraft:potato":562,"minecraft:mossy_stone_bricks":1,"minecraft:diorite":8,"useless_sword:coal_sword":1,"minecraft:wooden_pickaxe":59,"minecraft:golden_apple":4,"relics:horse_flute":7,"minecraft:diamond_sword":587,"minecraft:enchanting_table":1,"minecraft:stone_sword":31,"minecraft:dead_bush":1,"exoticbirds:swan_egg":2,"born_in_chaos_v1:ethereal_spirit":3,"minecraft:armor_stand":3,"minecraft:torch":656,"minecraft:anvil":2,"minecraft:oak_fence_gate":11,"minecraft:chipped_anvil":1,"minecraft:iron_axe":463,"minecraft:barrel":1,"duckling:duck_egg":2,"minecraft:cobbled_deepslate":50,"minecraft:golden_axe":19,"alexsdelight:cooked_bison":1,"minecraft:wheat_seeds":60,"minecraft:water_bucket":22,"animal_feeding_trough:feeding_trough":1,"minecraft:crafting_table":3,"minecraft:red_bed":4,"minecraft:white_bed":4,"minecraft:oak_log":20,"minecraft:diamond_pickaxe":755,"minecraft:diamond_shovel":288,"minecraft:iron_pickaxe":1024,"minecraft:cobblestone":326,"evilcraft:dark_tank":4,"minecraft:cooked_porkchop":1,"minecraft:candle":3,"minecraft:iron_shovel":690,"minecraft:shield":2,"minecraft:iron_sword":23,"minecraft:iron_chestplate":1,"minecraft:carrot":9,"born_in_chaos_v1:corpse_maggot":5,"minecraft:lantern":2,"minecraft:iron_helmet":1,"minecraft:stone_bricks":4,"minecraft:item_frame":2,"simplyswords:waxweaver":286,"minecraft:stone_pickaxe":38,"minecraft:oak_planks":15,"minecraft:ender_pearl":1,"biomesoplenty:fir_planks":17,"simplyswords:iron_chakram":11,"minecraft:shears":291,"minecraft:bread":161,"ecologics:coconut_slice":4,"minecraft:grindstone":1,"minecraft:andesite":3,"minecraft:coarse_dirt":1,"minecraft:bone_meal":323,"minecraft:oak_fence":13,"farmersdelight:kelp_roll_slice":2,"minecraft:spruce_planks":4,"minecraft:stone_hoe":482,"minecraft:dirt":846,"minecraft:cobblestone_wall":141,"minecraft:iron_hoe":1,"minecraft:bookshelf":27,"minecraft:iron_boots":2,"minecraft:iron_leggings":1,"minecraft:baked_potato":101,"minecraft:apple":4,"minecraft:stone_slab":2,"minecraft:stone_axe":47,"minecraft:bucket":21,"alexsmobs:animal_dictionary":1},"minecraft:killed":{"minecraft:cave_spider":4,"born_in_chaos_v1:zombie_lumberjack":1,"born_in_chaos_v1:restless_spirit":4,"enemyexpansion:equestrian":1,"farlanders:fanmade_enderman":1,"born_in_chaos_v1:siamese_skeletonsright":2,"minecraft:skeleton":37,"alexsmobs:leafcutter_ant":3,"born_in_chaos_v1:skeleton_thrasher":1,"ecologics:coconut_crab":3,"enemyexpansion:vampflyer":1,"farlanders:rebel":3,"alexsmobs:seal":1,"enemyexpansion:meature":2,"tinyskeletons:baby_skeleton":1,"minecraft:zombie":34,"born_in_chaos_v1:corpse_fly":19,"enemyexpansion:botfly":5,"iceandfire:lightning_dragon":1,"born_in_chaos_v1:door_knight":2,"minecraft:cow":1,"enemyexpansion:trollenraged":1,"alexsmobs:raccoon":1,"exoticbirds:budgerigar":1,"enemyexpansion:faller":2,"goblintraders:goblin_trader":1,"enemyexpansion:sprinter":1,"born_in_chaos_v1:decrepit_skeleton":12,"iceandfire:ghost":3,"born_in_chaos_v1:dark_vortex":2,"minecraft:enderman":1,"born_in_chaos_v1:lifestealer_true_form":1,"born_in_chaos_v1:zombie_clown":1,"minecraft:zombified_piglin":18,"minecraft:witch":2,"graveyard:skeleton_creeper":1,"minecraft:spider":6,"minecraft:piglin_brute":1,"born_in_chaos_v1:firelight_not_despawn":3,"artifacts:mimic":1,"enderzoology:fallen_knight":1,"minecraft:pig":3,"minecraft:zombie_villager":6,"born_in_chaos_v1:diamond_termite":7,"minecraft:creeper":10,"born_in_chaos_v1:dread_hound":5,"alexsmobs:fly":1,"born_in_chaos_v1:siamese_skeletonsleft":1,"born_in_chaos_v1:missioner":1,"born_in_chaos_v1:zombie_clown_not_despawn":1,"enemyexpansion:intruder":3,"samurai_dynasty:onibi":1,"enemyexpansion:direwolf":4,"born_in_chaos_v1:zombie_bruiser":2,"enderzoology:fallen_mount":1,"born_in_chaos_v1:maggot":18,"alexsmobs:bison":2,"duckling:duck":1,"born_in_chaos_v1:baby_skeleton":2,"born_in_chaos_v1:swarmer":1,"naturalist:butterfly":1,"minecraft:bat":2,"exoticbirds:flamingo":2,"alexsmobs:cockroach":2,"sons_of_sins:betrayed_guzzler":1,"exoticbirds:pigeon":2,"enemyexpansion:huntsman":2,"born_in_chaos_v1:nightmare_stalker":1},"minecraft:picked_up":{"minecraft:flower_pot":5,"minecraft:anvil":3,"minecraft:diamond_sword":4,"minecraft:lead":11,"minecraft:stone_slab":17,"minecraft:enchanted_book":6,"minecraft:amethyst_block":6,"minecraft:string":49,"minecraft:soul_soil":1,"minecraft:beetroot_soup":1,"create:piston_extension_pole":24,"paraglider:deku_leaf":1,"minecraft:gold_nugget":110,"minecraft:cobbled_deepslate":501,"bosses_of_mass_destruction:soul_star":2,"minecraft:spruce_planks":9,"minecraft:mangrove_log":2,"ecologics:crab_claw":4,"born_in_chaos_v1:shattered_skull":10,"simplyswords:waxweaver":3,"create:andesite_casing":4,"simplyswords:dormant_relic":1,"iceandfire:lightning_dragon_flesh":3,"minecraft:golden_axe":5,"minecraft:cherry_log":1,"minecraft:cauldron":1,"minecraft:stone_sword":1,"biomesoplenty:rose_quartz_chunk":12,"create:scoria":13,"farmersdelight:onion":7,"relics:horse_flute":2,"supplementaries:ash":73,"minecraft:iron_bars":1,"minecraft:birch_log":1,"born_in_chaos_v1:staffof_magic_arrows":1,"minecraft:feather":24,"biomesoplenty:fir_log":34,"alexsmobs:bison_fur":1,"exposure:aged_photograph":1,"minecraft:flint":1,"minecraft:stripped_spruce_wood":2,"minecraft:map":10,"farmersdelight:tomato":14,"minecraft:lantern":5,"biomesoplenty:bush":111,"born_in_chaos_v1:marigolds":5,"minecraft:hanging_roots":2,"minecraft:chipped_anvil":4,"delightful:mini_melon":21,"fishofthieves:earthworms":99,"create:shaft":31,"immersive_aircraft:sail":1,"minecraft:moss_block":6,"minecraft:honeycomb":2,"duckling:duck_egg":9,"iceandfire:shiny_scales":1,"minecraft:stripped_spruce_log":2,"iceandfire:lightning_dragon_heart":1,"minecraft:barrel":29,"minecraft:polished_andesite":6,"minecraft:granite":16,"minecraft:chainmail_helmet":1,"minecraft:golden_horse_armor":1,"minecraft:bread":58,"alexsmobs:maggot":1,"simplyswords:brimstone_claymore":1,"minecraft:rooted_dirt":4,"born_in_chaos_v1:rotten_fish":2,"iceandfire:raw_silver":19,"minecraft:diamond_pickaxe":4,"iceandfire:dragon_skull_lightning":1,"sophisticatedbackpacks:gold_backpack":3,"the_bumblezone:porous_honeycomb_block":2,"minecraft:crafting_table":6,"minecraft:coarse_dirt":17,"blue_skies:blue_journal":1,"exoticbirds:pigeon_egg":1,"born_in_chaos_v1:seedof_chaos":5,"born_in_chaos_v1:charmof_resistance":1,"minecraft:cornflower":5,"minecraft:red_bed":5,"evilcraft:poison_sac":2,"minecraft:flint_and_steel":1,"born_in_chaos_v1:intoxicating_decoction":7,"minecraft:compass":6,"minecraft:iron_shovel":2,"minecraft:cracked_stone_bricks":12,"iceandfire:bestiary":1,"minecraft:beef":5,"valhelsia_structures:doused_torch":1,"minecraft:poppy":9,"minecraft:iron_nugget":25,"minecraft:spruce_slab":8,"minecraft:chest":18,"sons_of_sins:sickle_of_struggle":1,"minecraft:egg":1,"create:polished_rose_quartz":12,"minecraft:stone":3,"minecraft:glow_item_frame":2,"sophisticatedbackpacks:backpack":1,"born_in_chaos_v1:pieceofdarkmetal":38,"minecraft:carrot":36,"minecraft:redstone":99,"samurai_dynasty:spirit_flame":5,"simplyswords:righteous_relic":1,"minecraft:shears":1,"relics:arrow_quiver":1,"minecraft:hay_block":66,"minecraft:gold_ingot":22,"minecraft:white_wool":18,"minecraft:mutton":33,"minecraft:bone_block":26,"minecraft:rail":31,"exoticbirds:raw_birdmeat":8,"minecraft:oxeye_daisy":3,"born_in_chaos_v1:monster_flesh":4,"minecraft:fern":6,"samurai_dynasty:jade":12,"minecraft:oak_log":302,"mowziesmobs:wrought_axe":1,"minecraft:paper":11,"exoticbirds:cooked_birdmeat":4,"minecraft:apple":88,"minecraft:stone_bricks":87,"minecraft:kelp":82,"alexsmobs:cockroach_wing_fragment":1,"minecraft:stone_pickaxe":2,"minecraft:oak_fence_gate":12,"minecraft:cobweb":10,"minecraft:glass_bottle":13,"minecraft:iron_sword":6,"minecraft:dark_oak_slab":4,"iceandfire:copper_nugget":66,"exoticbirds:swan_egg":6,"minecraft:sweet_berries":75,"minecraft:red_wool":4,"born_in_chaos_v1:ethereal_spirit":10,"minecraft:dead_fire_coral_block":1,"iceandfire:dragonscales_copper":19,"minecraft:purple_bed":2,"minecraft:slime_ball":1,"minecraft:painting":2,"minecraft:baked_potato":147,"minecraft:ender_pearl":3,"minecraft:wheat":76,"illagerinvasion:platinum_chunk":1,"aether:iron_gloves":1,"minecraft:stone_brick_stairs":10,"samurai_dynasty:iron_samurai_leggings_master":2,"born_in_chaos_v1:black_argillite":2,"minecraft:raw_copper":182,"minecraft:armor_stand":6,"minecraft:zombie_head":1,"minecraft:experience_bottle":2,"create:sand_paper":1,"minecraft:sea_pickle":3,"minecraft:smooth_stone":1,"biomesoplenty:fir_planks":6,"minecraft:bucket":4,"delightful:acorn":58,"samurai_dynasty:raw_silver":30,"minecraft:rose_bush":4,"minecraft:calcite":3,"samurai_dynasty:onyx":6,"born_in_chaos_v1:stimulating_decoction":6,"delightful:green_tea_leaf":28,"evilcraft:blood_extractor":6,"minecraft:furnace":10,"minecraft:stick":123,"minecraft:oak_fence":12,"minecraft:torch":119,"minecraft:porkchop":15,"minecraft:dried_kelp":26,"minecraft:diorite":87,"born_in_chaos_v1:nightmare_claw":1,"samurai_dynasty:blue_samurai_leggings":2,"create:large_cogwheel":1,"minecraft:rotten_flesh":172,"animal_feeding_trough:feeding_trough":1,"supplementaries:antique_ink":22,"alexsdelight:raw_bison":6,"alexsmobs:emu_egg":2,"minecraft:obsidian":31,"minecraft:cod":1,"minecraft:blaze_powder":1,"minecraft:cobblestone":659,"paraglider:paraglider":1,"minecraft:enchanting_table":3,"minecraft:leather_chestplate":1,"relics:roller_skates":3,"exoticbirds:kiwi_egg":1,"samurai_dynasty:blue_samurai_chestplate":2,"minecraft:andesite":66,"minecraft:black_bed":2,"minecraft:potato":1817,"create:belt_connector":4,"minecraft:tuff":57,"create:raw_zinc":41,"evilcraft:flesh_humanoid":1,"supplementaries:flax_seeds":7,"minecraft:dirt":1044,"minecraft:lapis_lazuli":444,"minecraft:name_tag":3,"born_in_chaos_v1:monster_skin":1,"minecraft:bone":216,"wandering_bags:forbidden_spell":1,"minecraft:bow":2,"minecraft:wheat_seeds":197,"minecraft:raw_gold":64,"create_new_age:magnetite_block":3,"minecraft:grindstone":2,"minecraft:mossy_stone_bricks":7,"minecraft:oak_planks":89,"minecraft:bamboo":4,"minecraft:powered_rail":11,"minecraft:stone_hoe":3,"exoticbirds:gull_egg":1,"create:cogwheel":3,"minecraft:poisonous_potato":11,"minecraft:sand":77,"useless_sword:redstone_sword":1,"minecraft:dead_bush":1,"farmersdelight:ham":1,"sons_of_sins:flesh_of_demise":1,"minecraft:mossy_cobblestone":4,"minecraft:dark_prismarine":39,"minecraft:sugar":15,"born_in_chaos_v1:fire_dust":1,"minecraft:diamond":4,"minecraft:crossbow":5,"minecraft:grass":109,"minecraft:bone_meal":5,"minecraft:golden_apple":3,"minecraft:spruce_sign":1,"minecraft:emerald":140,"minecraft:oak_sapling":206,"minecraft:netherrack":10,"minecraft:andesite_slab":2,"minecraft:oak_leaves":305,"minecraft:allium":9,"minecraft:cocoa_beans":2,"samurai_dynasty:iron_samurai_chestplate_master":1,"born_in_chaos_v1:diamond_termite_shard":10,"create_new_age:thorium":204,"minecraft:azure_bluet":5,"born_in_chaos_v1:river_mint":7,"minecraft:ladder":2,"minecraft:chain":6,"minecraft:shield":7,"minecraft:iron_axe":1,"minecraft:wooden_sword":1,"minecraft:item_frame":3,"minecraft:blue_orchid":2,"minecraft:candle":7,"minecraft:light_gray_wool":3,"minecraft:sugar_cane":5,"born_in_chaos_v1:scorched_planks_slab":1,"minecraft:raw_iron":349,"iceandfire:dragonbone":9,"twilightforest:twilight_oak_chest":2,"ecologics:coconut_slice":30,"minecraft:copper_ingot":16,"minecraft:note_block":8,"alexsmobs:leafcutter_ant_pupa":1,"create:zinc_ingot":4,"minecraft:arrow":52,"minecraft:saddle":2,"domesticationinnovation:collar_tag":2,"minecraft:skeleton_skull":4,"born_in_chaos_v1:fused_bone":9,"born_in_chaos_v1:corpse_maggot":43,"minecraft:golden_carrot":2,"minecraft:glow_ink_sac":2,"samurai_dynasty:ruby":13,"minecraft:leather":14,"artifacts:anglers_hat":1,"fishofthieves:grubs":6,"create:andesite_alloy":38,"iceandfire:ectoplasm":1,"farlanders:looter_hood":1,"minecraft:gunpowder":76,"minecraft:cobblestone_wall":15,"samurai_dynasty:blue_samurai_boots":2,"minecraft:red_carpet":21,"minecraft:iron_ingot":80,"minecraft:stripped_oak_wood":11,"minecraft:book":119,"minecraft:tropical_fish_bucket":1,"minecraft:scaffolding":2,"minecraft:oak_slab":14,"simplyswords:sunfire":1,"minecraft:pumpkin":1,"born_in_chaos_v1:lifestealer_bone":3,"minecraft:stone_brick_slab":10,"minecraft:quartz":18,"minecraft:dandelion":32,"minecraft:raw_iron_block":1,"born_in_chaos_v1:dark_rod":1,"minecraft:amethyst_shard":14,"mowziesmobs:wrought_helmet":2,"minecraft:white_bed":2,"artifacts:scarf_of_invisibility":1,"simplyswords:gold_rapier":1,"minecraft:spider_eye":4,"create:electron_tube":4,"samurai_dynasty:iron_samurai_boots_master":2,"the_bumblezone:pollen_puff":2,"evilcraft:dark_gem":45,"minecraft:iron_helmet":2,"wandering_bags:witch_bag":2,"domesticationinnovation:drum":1,"simplyswords:iron_chakram":1,"minecraft:damaged_anvil":2,"minecraft:black_wool":3,"minecraft:coal":505},"minecraft:mined":{"minecraft:dark_oak_planks":1,"minecraft:white_bed":2,"alexsmobs:leafcutter_anthill":1,"valhelsia_structures:dirt":3,"minecraft:obsidian":24,"minecraft:granite":5,"minecraft:oxeye_daisy":3,"minecraft:cobbled_deepslate":2,"minecraft:fire":1,"minecraft:barrel":1,"minecraft:pumpkin":1,"minecraft:deepslate_lapis_ore":3,"minecraft:enchanting_table":2,"biomesoplenty:webbing":6,"minecraft:blue_orchid":1,"valhelsia_structures:coarse_dirt":4,"minecraft:red_bed":4,"minecraft:torch":20,"born_in_chaos_v1:scorched_planks_slab":1,"minecraft:amethyst_block":6,"minecraft:skeleton_skull":1,"minecraft:chain":2,"minecraft:wheat":43,"samurai_dynasty:deepslate_silver_ore":1,"minecraft:lilac":1,"minecraft:stone_brick_stairs":5,"minecraft:grass":704,"delightful:mini_melon":11,"minecraft:oak_fence_gate":4,"minecraft:smooth_basalt":1,"minecraft:deepslate":242,"minecraft:dark_prismarine":39,"iceandfire:silver_ore":2,"minecraft:mossy_cobblestone":2,"minecraft:allium":5,"born_in_chaos_v1:black_argillite":1,"create_new_age:thorium_ore":20,"the_bumblezone:filled_porous_honeycomb_block":1,"minecraft:andesite":34,"minecraft:potatoes":334,"biomesoplenty:high_grass":1,"minecraft:vine":1,"biomesoplenty:barley":2,"samurai_dynasty:deepslate_onyx_ore":6,"valhelsia_structures:stone":21,"minecraft:oak_slab":9,"minecraft:stone_brick_slab":5,"create_new_age:magnetite_block":1,"minecraft:dandelion":30,"minecraft:cornflower":4,"biomesoplenty:high_grass_plant":8,"minecraft:tall_grass":41,"minecraft:copper_ore":1,"minecraft:deepslate_gold_ore":14,"minecraft:diorite":29,"minecraft:purple_bed":1,"minecraft:stripped_spruce_wood":12,"minecraft:cobblestone_wall":11,"minecraft:cobweb":10,"minecraft:stone_bricks":51,"minecraft:chipped_anvil":1,"minecraft:gold_ore":8,"minecraft:fern":17,"minecraft:oak_sapling":2,"minecraft:farmland":7,"minecraft:budding_amethyst":1,"minecraft:grass_block":774,"minecraft:raw_iron_block":1,"minecraft:iron_ore":146,"valhelsia_structures:andesite":5,"minecraft:anvil":1,"minecraft:azure_bluet":5,"biomesoplenty:hanging_cobweb":1,"minecraft:spruce_slab":1,"minecraft:deepslate_redstone_ore":11,"the_bumblezone:pile_of_pollen":2,"minecraft:calcite":4,"minecraft:poppy":6,"minecraft:chest":1,"minecraft:cobblestone":28,"minecraft:grindstone":3,"minecraft:oak_planks":11,"minecraft:wall_torch":13,"minecraft:dark_oak_slab":4,"minecraft:birch_log":1,"evilcraft:dark_ore_deepslate":5,"samurai_dynasty:deepslate_jade_ore":4,"born_in_chaos_v1:river_mint":7,"minecraft:stripped_oak_wood":11,"biomesoplenty:fir_log":37,"samurai_dynasty:silver_ore":1,"minecraft:oak_log":279,"minecraft:sand":74,"minecraft:dirt":125,"minecraft:oak_leaves":303,"minecraft:red_carpet":1,"minecraft:tuff":6,"minecraft:dark_oak_leaves":1,"minecraft:candle":2,"born_in_chaos_v1:infected_diamond_ore":2,"biomesoplenty:bush":187,"animal_feeding_trough:feeding_trough":1,"minecraft:rooted_dirt":1,"minecraft:hay_block":50,"minecraft:furnace":6,"minecraft:carrots":9,"minecraft:stripped_spruce_log":2,"evilcraft:dark_ore":3,"minecraft:bookshelf":33,"minecraft:deepslate_iron_ore":15,"minecraft:lantern":1,"minecraft:stone":459,"minecraft:scaffolding":2,"born_in_chaos_v1:marigolds":3,"minecraft:oak_fence":10,"minecraft:crafting_table":4,"minecraft:rose_bush":2,"minecraft:andesite_slab":1,"samurai_dynasty:jade_ore":2,"minecraft:stone_slab":12,"minecraft:lapis_ore":7,"supplementaries:urn":31,"minecraft:dead_fire_coral_block":1,"minecraft:sweet_berry_bush":13,"minecraft:coal_ore":480,"minecraft:cracked_stone_bricks":7,"minecraft:polished_andesite":6,"minecraft:mossy_stone_bricks":5},"minecraft:broken":{"minecraft:shears":1,"aether:iron_gloves":1,"minecraft:stone_hoe":1,"minecraft:wooden_pickaxe":1,"minecraft:iron_axe":1,"minecraft:iron_pickaxe":1,"minecraft:iron_shovel":2,"minecraft:golden_axe":2},"minecraft:crafted":{"minecraft:bookshelf":27,"minecraft:glass":14,"evilcraft:blood_extractor":10,"minecraft:golden_axe":2,"minecraft:cooked_porkchop":1,"minecraft:gold_ingot":37,"minecraft:stone_shovel":1,"minecraft:iron_nugget":9,"minecraft:bone_meal":199,"alexsdelight:cooked_bison":7,"minecraft:stone_pickaxe":1,"minecraft:wheat":191,"evilcraft:dark_tank":4,"minecraft:oak_fence_gate":10,"minecraft:iron_shovel":2,"minecraft:iron_leggings":2,"minecraft:white_bed":2,"minecraft:oak_planks":401,"minecraft:bow":4,"minecraft:iron_boots":3,"minecraft:chest":5,"minecraft:stone_hoe":3,"minecraft:oak_fence":55,"minecraft:arrow":40,"minecraft:crafting_table":3,"minecraft:wooden_pickaxe":1,"minecraft:baked_potato":209,"minecraft:iron_helmet":1,"biomesoplenty:fir_planks":112,"minecraft:iron_chestplate":3,"minecraft:shield":1,"minecraft:stick":249,"minecraft:iron_ingot":123,"minecraft:stone_sword":1,"minecraft:shears":2,"evilcraft:dark_spike":3,"minecraft:raw_iron":9,"minecraft:furnace":7,"minecraft:iron_axe":2,"minecraft:iron_hoe":1,"minecraft:cobblestone_wall":62,"minecraft:cooked_beef":2,"minecraft:iron_sword":1,"minecraft:stone_axe":1,"minecraft:bread":89,"minecraft:air":1588,"minecraft:jungle_planks":1,"minecraft:torch":436},"minecraft:dropped":{"biomesoplenty:fir_log":6,"minecraft:iron_sword":2,"iceandfire:raw_silver":2,"minecraft:lapis_lazuli":58,"minecraft:crafting_table":1,"minecraft:crossbow":4,"minecraft:black_bed":1,"iceandfire:dragonscales_copper":3,"born_in_chaos_v1:pieceofdarkmetal":2,"sophisticatedbackpacks:gold_backpack":1,"minecraft:dirt":18,"minecraft:grass":109,"minecraft:chain":1,"minecraft:wooden_sword":1,"minecraft:iron_pickaxe":2,"minecraft:cobbled_deepslate":50,"alexsmobs:animal_dictionary":2,"minecraft:wheat":8,"minecraft:obsidian":1,"minecraft:rotten_flesh":48,"minecraft:grindstone":1,"minecraft:oak_planks":35,"minecraft:azure_bluet":2,"evilcraft:flesh_humanoid":1,"create:scoria":1,"born_in_chaos_v1:marigolds":3,"minecraft:iron_ingot":123,"minecraft:enchanted_book":1,"born_in_chaos_v1:shattered_skull":2,"minecraft:wheat_seeds":124,"create:polished_rose_quartz":1,"minecraft:iron_helmet":1,"minecraft:cobblestone":109,"minecraft:granite":4,"samurai_dynasty:iron_samurai_boots_master":2,"minecraft:oxeye_daisy":3,"relics:roller_skates":2,"iceandfire:copper_nugget":66,"minecraft:rose_bush":1,"born_in_chaos_v1:scorched_planks_slab":1,"minecraft:iron_shovel":1,"minecraft:string":10,"create:sand_paper":1,"sophisticatedbackpacks:backpack":1,"minecraft:shears":1,"minecraft:diamond_sword":2,"minecraft:potato":1,"minecraft:sea_pickle":1,"create_new_age:magnetite_block":1,"alexsmobs:cockroach_wing_fragment":1,"sons_of_sins:sickle_of_struggle":1,"minecraft:diamond_pickaxe":4,"minecraft:barrel":13,"minecraft:spider_eye":1,"biomesoplenty:bush":108,"minecraft:bow":1,"simplyswords:waxweaver":1,"simplyswords:sunfire":1,"minecraft:spruce_sign":1,"minecraft:oak_log":9,"minecraft:baked_potato":10,"minecraft:ender_pearl":1,"biomesoplenty:rose_quartz_chunk":1,"relics:horse_flute":1,"artifacts:anglers_hat":1,"minecraft:cornflower":5,"minecraft:mutton":5,"minecraft:birch_log":1,"samurai_dynasty:iron_samurai_leggings_master":2,"minecraft:fern":6,"evilcraft:poison_sac":1,"patchouli:guide_book":3,"supplementaries:antique_ink":2,"paraglider:deku_leaf":1,"minecraft:poppy":4,"supplementaries:ash":9,"born_in_chaos_v1:corpse_maggot":2,"ecologics:coconut_husk":4,"simplyswords:righteous_relic":1,"minecraft:arrow":9,"minecraft:quartz":9,"domesticationinnovation:collar_tag":2,"minecraft:oak_leaves":2,"minecraft:stone_hoe":2,"minecraft:bread":91,"minecraft:oak_slab":2,"minecraft:amethyst_block":6,"evilcraft:dark_gem":3,"delightful:mini_melon":21,"mowziesmobs:wrought_axe":1,"exoticbirds:swan_egg":1,"minecraft:stick":4,"evilcraft:blood_extractor":4,"born_in_chaos_v1:river_mint":1,"minecraft:diorite":20,"minecraft:torch":122,"born_in_chaos_v1:fused_bone":4,"minecraft:iron_leggings":1,"minecraft:dandelion":26,"iceandfire:dragonbone":6,"minecraft:tuff":3,"simplyswords:dormant_relic":1,"simplyswords:brimstone_claymore":1,"minecraft:shield":2,"biomesoplenty:fir_planks":14,"fishofthieves:earthworms":31,"aether:iron_gloves":1,"minecraft:iron_chestplate":1,"minecraft:andesite":24,"minecraft:oak_sapling":4,"samurai_dynasty:jade":2,"artifacts:cross_necklace":1,"samurai_dynasty:raw_silver":2,"minecraft:calcite":3}},"DataVersion":3465}