{"stats":{"minecraft:killed":{"born_in_chaos_v1:restless_spirit":2,"born_in_chaos_v1:zombie_lumberjack":5,"born_in_chaos_v1:skeleton_demoman":1,"enemyexpansion:equestrian":1,"iceandfire:stymphalian_bird":1,"born_in_chaos_v1:siamese_skeletonsright":3,"minecraft:skeleton":21,"born_in_chaos_v1:skeleton_thrasher":2,"minecraft:pillager":1,"minecraft:zombie":18,"born_in_chaos_v1:corpse_fly":23,"enemyexpansion:botfly":5,"endermanoverhaul:swamp_enderman":1,"born_in_chaos_v1:dire_hound_leader":1,"enemyexpansion:faller":1,"mowziesmobs:ferrous_wroughtnaut":1,"farlanders:classic_enderman":1,"iceandfire:cyclops":1,"enemyexpansion:sprinter":2,"born_in_chaos_v1:decrepit_skeleton":10,"evilcraft:poisonous_libelle":1,"iceandfire:ghost":4,"born_in_chaos_v1:dark_vortex":1,"born_in_chaos_v1:zombie_clown":2,"minecraft:zombified_piglin":46,"minecraft:spider":16,"enderzoology:infested_zombie":1,"minecraft:silverfish":2,"enderzoology:fallen_knight":2,"born_in_chaos_v1:bonescaller":1,"minecraft:pig":1,"minecraft:zombie_villager":4,"minecraft:creeper":7,"born_in_chaos_v1:dread_hound":18,"alexsmobs:fly":3,"minecraft:blaze":1,"born_in_chaos_v1:siamese_skeletonsleft":3,"samurai_dynasty:onibi":1,"enemyexpansion:direwolf":5,"minecraft:slime":1,"enderzoology:fallen_mount":1,"born_in_chaos_v1:zombie_bruiser":3,"born_in_chaos_v1:maggot":32,"alexsmobs:bison":1,"minecraft:drowned":1,"duckling:duck":1,"farlanders:looter":5,"born_in_chaos_v1:baby_skeleton":4,"born_in_chaos_v1:swarmer":2,"enderzoology:concussion_creeper":1,"sons_of_sins:betrayed_guzzler":1,"enemyexpansion:huntsman":1,"born_in_chaos_v1:nightmare_stalker":1},"minecraft:crafted":{"immersive_aircraft:engine":1,"minecraft:smooth_stone":15,"samurai_dynasty:katana":1,"create:mechanical_press":1,"samurai_dynasty:blue_samurai_boots":1,"samurai_dynasty:green_samurai_leggings":1,"create:cogwheel":4,"blue_skies:blue_journal":2,"evilcraft:undead_planks":4,"samurai_dynasty:steel_ingot":23,"samurai_dynasty:green_samurai_helmet":1,"simplyswords:iron_claymore":1,"minecraft:copper_ingot":15,"samurai_dynasty:green_samurai_boots":1,"create:mechanical_mixer":1,"immersive_aircraft:propeller":1,"samurai_dynasty:katana_handle":1,"minecraft:iron_pickaxe":1,"minecraft:iron_block":1,"samurai_dynasty:odachi":1,"create:large_cogwheel":3,"minecraft:iron_nugget":63,"immersive_aircraft:biplane":1,"minecraft:bone_meal":40,"minecraft:white_carpet":6,"samurai_dynasty:blue_samurai_chestplate":1,"minecraft:spruce_slab":6,"minecraft:stone_pickaxe":1,"blue_skies:trough":2,"create:electron_tube":4,"minecraft:dark_oak_planks":4,"create:belt_connector":5,"simplyswords:iron_chakram":1,"minecraft:dried_kelp":56,"sophisticatedbackpacks:gold_backpack":2,"minecraft:oak_fence_gate":1,"evilcraft:blood_infuser":1,"samurai_dynasty:blue_samurai_leggings":1,"minecraft:iron_shovel":2,"minecraft:white_bed":1,"create:shaft":48,"minecraft:oak_planks":84,"minecraft:stone":40,"immersive_aircraft:hull":3,"minecraft:chest":22,"minecraft:stone_hoe":1,"minecraft:oak_fence":2,"minecraft:oak_slab":12,"sophisticatedbackpacks:backpack":1,"minecraft:crafting_table":6,"minecraft:spruce_planks":39,"create:piston_extension_pole":24,"minecraft:wooden_pickaxe":1,"minecraft:baked_potato":93,"create:sand_paper":2,"minecraft:birch_planks":4,"biomesoplenty:fir_planks":52,"minecraft:paper":3,"minecraft:diamond_pickaxe":1,"minecraft:shield":1,"minecraft:stick":27,"minecraft:iron_ingot":79,"minecraft:stone_sword":1,"samurai_dynasty:green_samurai_chestplate":1,"evilcraft:vengeance_pickaxe":1,"minecraft:shears":2,"create:empty_blaze_burner":1,"minecraft:cherry_planks":8,"minecraft:raw_iron":36,"evilcraft:blood_chest":1,"immersive_aircraft:sail":1,"minecraft:furnace":6,"minecraft:blast_furnace":2,"minecraft:piston":2,"minecraft:flint_and_steel":1,"minecraft:iron_axe":1,"magistuarmory:steel_ingot":4,"evilcraft:dark_stick":2,"sophisticatedbackpacks:iron_backpack":2,"create:andesite_alloy":34,"immersive_aircraft:boiler":1,"evilcraft:blood_infusion_core":2,"minecraft:iron_sword":1,"minecraft:stone_axe":1,"minecraft:air":308,"aether:iron_gloves":1,"minecraft:white_wool":4,"create:whisk":1,"minecraft:gold_nugget":9,"minecraft:torch":10},"minecraft:custom":{"minecraft:interact_with_crafting_table":147,"minecraft:open_barrel":22,"minecraft:eat_cake_slice":6,"minecraft:leave_game":8,"minecraft:time_since_death":481035,"minecraft:damage_blocked_by_shield":300,"minecraft:play_time":633872,"minecraft:deaths":3,"minecraft:jump":7028,"minecraft:enchant_item":4,"minecraft:interact_with_furnace":154,"minecraft:traded_with_villager":2,"minecraft:sleep_in_bed":42,"minecraft:waystone_activated":4,"minecraft:damage_dealt":49107,"minecraft:interact_with_smoker":1,"minecraft:horse_one_cm":3977,"minecraft:use_cauldron":1,"minecraft:interact_with_anvil":11,"minecraft:sneak_time":40149,"minecraft:interact_with_blast_furnace":20,"minecraft:total_world_time":633872,"minecraft:tune_noteblock":1,"minecraft:time_since_rest":12742,"minecraft:swim_one_cm":110063,"minecraft:fly_one_cm":1472056,"minecraft:open_chest":641,"minecraft:fall_one_cm":171416,"minecraft:sprint_one_cm":1740422,"minecraft:drop":566,"minecraft:play_noteblock":9,"minecraft:talked_to_villager":10,"minecraft:walk_on_water_one_cm":54573,"minecraft:crouch_one_cm":156827,"minecraft:mob_kills":281,"minecraft:fill_cauldron":1,"minecraft:damage_dealt_resisted":2693,"minecraft:climb_one_cm":33199,"minecraft:walk_one_cm":1583155,"minecraft:walk_under_water_one_cm":19403,"minecraft:interact_with_grindstone":3,"minecraft:damage_taken":14409},"minecraft:mined":{"evilcraft:undead_leaves":3,"create:andesite_casing":6,"valhelsia_structures:dirt":2,"minecraft:jungle_leaves":2,"minecraft:obsidian":1,"minecraft:granite":23,"minecraft:jungle_log":20,"twilightforest:twilight_oak_chest":1,"create:belt":2,"minecraft:tall_seagrass":3,"minecraft:barrel":5,"minecraft:fire":1,"minecraft:deepslate_lapis_ore":9,"minecraft:water_cauldron":1,"create:mechanical_press":1,"valhelsia_structures:coarse_dirt":2,"create:cogwheel":5,"minecraft:red_bed":1,"minecraft:kelp_plant":29,"minecraft:smoker":1,"minecraft:amethyst_cluster":1,"minecraft:torch":4,"minecraft:note_block":8,"minecraft:dead_bush":3,"minecraft:damaged_anvil":3,"minecraft:sugar_cane":13,"minecraft:amethyst_block":50,"minecraft:skeleton_skull":1,"create:basin":1,"minecraft:chain":1,"create:mechanical_mixer":1,"biomesoplenty:large_rose_quartz_bud":9,"minecraft:black_bed":3,"minecraft:grass":67,"minecraft:oak_fence_gate":9,"minecraft:smooth_basalt":3,"minecraft:deepslate":122,"evilcraft:hardened_blood":3,"create:zinc_ore":42,"biomesoplenty:watergrass":2,"iceandfire:silver_ore":16,"minecraft:dark_oak_fence":1,"born_in_chaos_v1:black_argillite":3,"create_new_age:thorium_ore":15,"minecraft:kelp":6,"samurai_dynasty:aquamarine_ore":12,"create:shaft":5,"minecraft:andesite":170,"minecraft:potatoes":2,"biomesoplenty:high_grass":2,"minecraft:vine":6,"biomesoplenty:barley":1,"minecraft:bamboo":4,"biomesoplenty:rose_quartz_cluster":14,"minecraft:bone_block":26,"create_new_age:magnetite_block":7,"biomesoplenty:small_rose_quartz_bud":1,"biomesoplenty:high_grass_plant":2,"minecraft:copper_ore":66,"minecraft:tall_grass":10,"minecraft:deepslate_gold_ore":6,"minecraft:diorite":23,"create:water_wheel_structure":1,"create:blaze_burner":2,"minecraft:coarse_dirt":2,"minecraft:stripped_spruce_wood":5,"minecraft:gravel":10,"minecraft:cobweb":9,"minecraft:stone_bricks":2,"minecraft:chipped_anvil":7,"minecraft:gold_ore":2,"minecraft:infested_stone":1,"minecraft:fern":2,"create:deepslate_zinc_ore":11,"minecraft:spruce_planks":4,"minecraft:grass_block":104,"minecraft:soul_soil":1,"minecraft:raw_iron_block":4,"minecraft:iron_ore":58,"minecraft:anvil":6,"minecraft:iron_bars":2,"minecraft:spruce_slab":2,"minecraft:deepslate_redstone_ore":7,"biomesoplenty:medium_rose_quartz_bud":1,"supplementaries:book_pile":1,"minecraft:medium_amethyst_bud":1,"minecraft:calcite":12,"minecraft:chest":27,"minecraft:nether_quartz_ore":9,"minecraft:cobblestone":37,"minecraft:oak_planks":12,"minecraft:wall_torch":1,"minecraft:deepslate_copper_ore":5,"create:large_water_wheel":1,"born_in_chaos_v1:river_mint":1,"samurai_dynasty:deepslate_ruby_ore":14,"biomesoplenty:fir_log":10,"samurai_dynasty:silver_ore":4,"biomesoplenty:clover":7,"minecraft:oak_log":82,"minecraft:sand":17,"minecraft:dirt":22,"minecraft:netherrack":14,"minecraft:oak_leaves":17,"blue_skies:trough":1,"minecraft:tuff":3,"minecraft:red_carpet":21,"minecraft:ladder":2,"biomesoplenty:bush":11,"create:large_cogwheel":5,"minecraft:furnace":4,"evilcraft:dark_ore":11,"minecraft:bookshelf":28,"minecraft:deepslate_iron_ore":28,"minecraft:lantern":1,"minecraft:stone":789,"minecraft:red_wool":4,"minecraft:oak_fence":12,"samurai_dynasty:jade_ore":8,"minecraft:lapis_ore":13,"supplementaries:urn":7,"minecraft:sweet_berry_bush":1,"minecraft:coal_ore":71,"evilcraft:undead_log":15,"minecraft:cocoa":2,"biomesoplenty:fir_leaves":2,"minecraft:mossy_stone_bricks":2},"minecraft:picked_up":{"minecraft:iron_chestplate":1,"minecraft:flower_pot":5,"minecraft:anvil":13,"minecraft:lead":26,"minecraft:stone_slab":4,"minecraft:enchanted_book":6,"minecraft:amethyst_block":50,"minecraft:string":46,"minecraft:soul_soil":3,"minecraft:beetroot_soup":2,"create:piston_extension_pole":24,"minecraft:gold_nugget":70,"minecraft:cobbled_deepslate":492,"minecraft:spruce_planks":13,"minecraft:melon_slice":6,"minecraft:mangrove_log":7,"ecologics:crab_claw":1,"born_in_chaos_v1:shattered_skull":6,"simplyswords:waxweaver":2,"create:andesite_casing":14,"exoticbirds:flamingo_egg":2,"minecraft:golden_axe":1,"minecraft:cherry_log":5,"minecraft:cauldron":4,"minecraft:stone_sword":1,"biomesoplenty:rose_quartz_chunk":49,"create:scoria":12,"farmersdelight:onion":7,"relics:horse_flute":5,"aether:chainmail_gloves":1,"useless_sword:coal_sword":1,"minecraft:bookshelf":20,"supplementaries:ash":127,"minecraft:iron_bars":1,"minecraft:birch_log":2,"born_in_chaos_v1:staffof_magic_arrows":1,"minecraft:feather":19,"born_in_chaos_v1:spiritual_dust":1,"minecraft:jungle_log":34,"minecraft:smoker":1,"biomesoplenty:fir_log":19,"alexsmobs:bison_fur":2,"blue_skies:trough":2,"minecraft:stripped_spruce_wood":14,"minecraft:map":9,"farmersdelight:tomato":29,"minecraft:lantern":1,"biomesoplenty:bush":9,"born_in_chaos_v1:marigolds":4,"minecraft:hanging_roots":1,"minecraft:chipped_anvil":10,"fishofthieves:earthworms":62,"create:shaft":37,"immersive_aircraft:sail":1,"exoticbirds:eggshell":2,"minecraft:honeycomb":1,"duckling:duck_egg":2,"create:empty_blaze_burner":1,"iceandfire:lightning_dragon_heart":2,"minecraft:dark_oak_log":2,"minecraft:barrel":17,"minecraft:granite":48,"minecraft:golden_horse_armor":2,"minecraft:bread":18,"alexsmobs:maggot":4,"minecraft:rooted_dirt":7,"born_in_chaos_v1:rotten_fish":1,"minecraft:dark_oak_fence":1,"iceandfire:raw_silver":38,"minecraft:diamond_pickaxe":5,"the_bumblezone:porous_honeycomb_block":1,"iceandfire:dragon_skull_lightning":2,"minecraft:crafting_table":1,"minecraft:coarse_dirt":27,"exoticbirds:pigeon_egg":1,"born_in_chaos_v1:charmof_resistance":2,"ecologics:seashell":1,"minecraft:red_bed":3,"minecraft:flint_and_steel":1,"born_in_chaos_v1:intoxicating_decoction":9,"minecraft:compass":5,"minecraft:iron_shovel":3,"minecraft:cracked_stone_bricks":7,"iceandfire:bestiary":1,"minecraft:beef":2,"born_in_chaos_v1:gnawed_bones":4,"valhelsia_structures:doused_torch":1,"minecraft:jungle_sapling":5,"minecraft:iron_nugget":39,"minecraft:poppy":2,"minecraft:spruce_slab":20,"minecraft:chest":28,"sons_of_sins:sickle_of_struggle":1,"minecraft:egg":1,"create:polished_rose_quartz":25,"minecraft:stone":28,"minecraft:glow_item_frame":4,"sophisticatedbackpacks:backpack":2,"enderzoology:confusing_powder":2,"born_in_chaos_v1:pieceofdarkmetal":18,"minecraft:carrot":15,"minecraft:redstone":79,"samurai_dynasty:spirit_flame":1,"minecraft:shears":2,"relics:arrow_quiver":2,"minecraft:hay_block":17,"minecraft:gold_ingot":21,"minecraft:mutton":6,"minecraft:white_wool":16,"minecraft:bone_block":72,"exoticbirds:raw_birdmeat":3,"minecraft:rail":31,"create:iron_sheet":11,"born_in_chaos_v1:monster_flesh":44,"samurai_dynasty:jade":20,"minecraft:oak_log":123,"mowziesmobs:wrought_axe":2,"minecraft:paper":29,"exoticbirds:cooked_birdmeat":1,"minecraft:apple":77,"minecraft:stone_bricks":45,"minecraft:kelp":348,"minecraft:oak_fence_gate":10,"minecraft:stone_pickaxe":2,"minecraft:cobweb":1,"minecraft:glass_bottle":13,"minecraft:iron_sword":10,"exoticbirds:swan_egg":6,"minecraft:smooth_basalt":2,"iceandfire:copper_nugget":12,"minecraft:dark_oak_slab":12,"minecraft:sweet_berries":50,"minecraft:red_wool":8,"born_in_chaos_v1:ethereal_spirit":13,"minecraft:gravel":20,"born_in_chaos_v1:fangofthe_hound_leader":2,"iceandfire:dragonscales_copper":32,"minecraft:purple_bed":1,"minecraft:slime_ball":2,"minecraft:stone_axe":1,"minecraft:painting":2,"minecraft:baked_potato":149,"minecraft:ender_pearl":5,"minecraft:wheat":21,"illagerinvasion:platinum_chunk":1,"aether:iron_gloves":1,"minecraft:stone_brick_stairs":5,"born_in_chaos_v1:black_argillite":7,"minecraft:raw_copper":391,"minecraft:iron_leggings":1,"minecraft:armor_stand":9,"minecraft:experience_bottle":2,"minecraft:zombie_head":1,"create:sand_paper":1,"minecraft:smooth_stone":1,"create:mechanical_press":1,"alexsmobs:banana":1,"biomesoplenty:fir_planks":6,"minecraft:bucket":3,"delightful:acorn":32,"enderzoology:ender_fragment":2,"samurai_dynasty:raw_silver":18,"minecraft:rose_bush":2,"minecraft:calcite":12,"born_in_chaos_v1:stimulating_decoction":3,"delightful:green_tea_leaf":18,"evilcraft:blood_extractor":4,"minecraft:iron_boots":6,"minecraft:furnace":4,"minecraft:stick":92,"create:mechanical_mixer":1,"minecraft:oak_fence":17,"minecraft:torch":82,"minecraft:porkchop":14,"minecraft:dried_kelp":26,"minecraft:diorite":99,"born_in_chaos_v1:nightmare_claw":1,"create:large_cogwheel":7,"minecraft:rotten_flesh":177,"supplementaries:antique_ink":12,"alexsdelight:raw_bison":2,"minecraft:obsidian":19,"minecraft:cod":12,"minecraft:blaze_powder":1,"minecraft:cobblestone":1316,"minecraft:enchanting_table":1,"relics:roller_skates":4,"minecraft:leather_chestplate":2,"minecraft:andesite":314,"minecraft:black_bed":3,"minecraft:potato":463,"useless_sword:enderman_scale":3,"create:belt_connector":6,"minecraft:tuff":60,"create:raw_zinc":132,"supplementaries:flax_seeds":2,"minecraft:lapis_lazuli":275,"minecraft:dirt":301,"minecraft:name_tag":6,"born_in_chaos_v1:monster_skin":22,"minecraft:bone":239,"wandering_bags:forbidden_spell":1,"minecraft:bow":4,"minecraft:wheat_seeds":24,"minecraft:raw_gold":36,"create_new_age:magnetite_block":16,"minecraft:grindstone":1,"minecraft:mossy_stone_bricks":7,"minecraft:bamboo":39,"minecraft:powered_rail":11,"minecraft:oak_planks":107,"minecraft:stone_hoe":3,"exoticbirds:gull_egg":2,"create:cogwheel":11,"minecraft:poisonous_potato":7,"minecraft:sand":37,"minecraft:dead_bush":8,"exoticbirds:mystery_egg":1,"farmersdelight:ham":1,"sons_of_sins:flesh_of_demise":2,"minecraft:mossy_cobblestone":2,"minecraft:sugar":12,"minecraft:diamond":5,"waystones:waystone":2,"minecraft:crossbow":1,"minecraft:grass":10,"minecraft:bone_meal":5,"minecraft:golden_apple":3,"minecraft:emerald":86,"minecraft:oak_sapling":77,"minecraft:netherrack":21,"minecraft:andesite_slab":1,"minecraft:oak_leaves":132,"minecraft:cocoa_beans":9,"born_in_chaos_v1:diamond_termite_shard":3,"create_new_age:thorium":243,"minecraft:allium":5,"evilcraft:dark_power_gem":2,"born_in_chaos_v1:river_mint":1,"minecraft:ladder":2,"minecraft:rabbit_stew":2,"minecraft:chain":5,"minecraft:shield":4,"minecraft:iron_axe":2,"immersive_aircraft:biplane":1,"minecraft:wooden_sword":1,"minecraft:item_frame":2,"minecraft:blue_orchid":1,"create:basin":1,"evilcraft:hardened_blood_shard":24,"minecraft:sugar_cane":26,"minecraft:spruce_trapdoor":1,"samurai_dynasty:aquamarine":12,"duckling:raw_duck":7,"minecraft:raw_iron":165,"iceandfire:dragonbone":6,"ecologics:coconut_slice":14,"twilightforest:twilight_oak_chest":2,"minecraft:copper_ingot":25,"minecraft:note_block":16,"minecraft:iron_horse_armor":1,"create:zinc_ingot":4,"minecraft:dark_oak_planks":1,"minecraft:arrow":71,"artifacts:cross_necklace":1,"minecraft:saddle":2,"domesticationinnovation:collar_tag":1,"minecraft:skeleton_skull":5,"born_in_chaos_v1:fused_bone":13,"born_in_chaos_v1:corpse_maggot":78,"immersive_armors:heavy_leggings":2,"minecraft:golden_carrot":1,"minecraft:glow_ink_sac":1,"samurai_dynasty:ruby":27,"minecraft:leather":2,"simplyswords:iron_claymore":2,"fishofthieves:grubs":5,"create:andesite_alloy":67,"iceandfire:ectoplasm":1,"farlanders:looter_hood":2,"minecraft:cobblestone_wall":10,"minecraft:gunpowder":63,"create:blaze_burner":1,"minecraft:red_carpet":40,"minecraft:iron_ingot":179,"minecraft:book":62,"minecraft:tropical_fish_bucket":1,"minecraft:oak_slab":3,"evilcraft:undead_log":15,"create:large_water_wheel":2,"minecraft:stone_brick_slab":5,"minecraft:quartz":27,"minecraft:dandelion":3,"minecraft:raw_iron_block":4,"born_in_chaos_v1:dark_rod":8,"minecraft:amethyst_shard":4,"minecraft:white_bed":2,"simplyswords:gold_rapier":1,"minecraft:spider_eye":22,"create:electron_tube":8,"evilcraft:dark_gem":74,"minecraft:iron_helmet":3,"the_bumblezone:pollen_puff":1,"wardrobe:silk":4,"domesticationinnovation:drum":1,"minecraft:damaged_anvil":5,"minecraft:coal":92},"minecraft:dropped":{"minecraft:iron_sword":7,"iceandfire:raw_silver":28,"samurai_dynasty:blue_samurai_boots":1,"minecraft:porkchop":10,"minecraft:lapis_lazuli":374,"minecraft:glass_bottle":13,"minecraft:diamond":4,"minecraft:crafting_table":1,"minecraft:dark_oak_slab":4,"minecraft:crossbow":1,"minecraft:glow_item_frame":2,"create:cogwheel":6,"minecraft:black_bed":1,"minecraft:rooted_dirt":6,"iceandfire:dragonscales_copper":16,"minecraft:cracked_stone_bricks":6,"minecraft:saddle":2,"born_in_chaos_v1:pieceofdarkmetal":14,"exoticbirds:gull_egg":1,"samurai_dynasty:ruby":13,"minecraft:rail":31,"minecraft:item_frame":2,"minecraft:red_carpet":20,"sophisticatedbackpacks:gold_backpack":1,"minecraft:emerald":86,"born_in_chaos_v1:monster_flesh":21,"minecraft:dirt":79,"minecraft:red_bed":2,"minecraft:grass":4,"minecraft:chain":2,"minecraft:wooden_sword":1,"minecraft:gold_nugget":47,"minecraft:bone_meal":5,"minecraft:bone_block":24,"samurai_dynasty:blue_samurai_leggings":1,"minecraft:sand":4,"minecraft:sugar":12,"minecraft:white_wool":12,"minecraft:tropical_fish_bucket":1,"minecraft:bone":187,"minecraft:note_block":8,"create_new_age:thorium":192,"minecraft:compass":6,"minecraft:iron_nugget":19,"minecraft:cobbled_deepslate":385,"domesticationinnovation:drum":1,"minecraft:wheat":18,"wandering_bags:forbidden_spell":1,"minecraft:obsidian":18,"wardrobe:silk":2,"minecraft:rotten_flesh":89,"minecraft:oak_planks":87,"minecraft:blaze_powder":1,"minecraft:white_bed":1,"supplementaries:flax_seeds":2,"useless_sword:enderman_scale":1,"create:scoria":12,"born_in_chaos_v1:fangofthe_hound_leader":1,"minecraft:jungle_log":14,"iceandfire:bestiary":1,"minecraft:ladder":2,"minecraft:painting":2,"minecraft:spruce_slab":12,"minecraft:stone_brick_stairs":5,"born_in_chaos_v1:marigolds":2,"minecraft:egg":1,"minecraft:enchanted_book":3,"minecraft:iron_ingot":87,"born_in_chaos_v1:intoxicating_decoction":6,"born_in_chaos_v1:shattered_skull":6,"minecraft:wheat_seeds":13,"create:polished_rose_quartz":24,"simplyswords:iron_chakram":1,"minecraft:golden_horse_armor":1,"minecraft:iron_helmet":2,"minecraft:oak_fence":4,"minecraft:feather":14,"minecraft:cobblestone":486,"minecraft:book":38,"exoticbirds:cooked_birdmeat":1,"minecraft:apple":74,"minecraft:granite":26,"minecraft:coal":30,"minecraft:golden_apple":3,"create:andesite_casing":8,"minecraft:cobweb":10,"born_in_chaos_v1:gnawed_bones":2,"born_in_chaos_v1:black_argillite":4,"relics:roller_skates":3,"minecraft:golden_carrot":1,"iceandfire:copper_nugget":9,"minecraft:rose_bush":2,"minecraft:dried_kelp":26,"delightful:acorn":25,"minecraft:smooth_stone":1,"minecraft:chipped_anvil":6,"minecraft:iron_shovel":2,"minecraft:paper":29,"minecraft:string":28,"create:sand_paper":1,"create:raw_zinc":87,"minecraft:beetroot_soup":2,"minecraft:stone_brick_slab":5,"minecraft:hanging_roots":1,"minecraft:furnace":4,"minecraft:soul_soil":1,"minecraft:stone_sword":2,"minecraft:cobblestone_wall":8,"minecraft:experience_bottle":2,"born_in_chaos_v1:rotten_fish":1,"minecraft:iron_boots":2,"sophisticatedbackpacks:backpack":1,"minecraft:stone_slab":4,"minecraft:damaged_anvil":4,"minecraft:name_tag":6,"minecraft:shears":2,"useless_sword:redstone_sword":1,"minecraft:potato":343,"minecraft:hay_block":17,"minecraft:stone":28,"minecraft:flower_pot":5,"create_new_age:magnetite_block":9,"minecraft:allium":5,"minecraft:spruce_planks":9,"create:zinc_ingot":4,"minecraft:diamond_pickaxe":4,"exoticbirds:raw_birdmeat":3,"minecraft:spider_eye":1,"minecraft:stone_bricks":42,"minecraft:barrel":15,"born_in_chaos_v1:charmof_resistance":1,"minecraft:blue_orchid":1,"biomesoplenty:bush":6,"relics:arrow_quiver":2,"minecraft:bow":1,"samurai_dynasty:blue_samurai_chestplate":1,"farmersdelight:ham":1,"create:electron_tube":8,"simplyswords:waxweaver":2,"farmersdelight:tomato":14,"iceandfire:dragon_skull_lightning":1,"simplyswords:iron_claymore":2,"create:belt_connector":4,"minecraft:oak_log":37,"minecraft:baked_potato":117,"minecraft:ender_pearl":3,"ecologics:coconut_slice":8,"the_bumblezone:pollen_puff":1,"minecraft:lantern":1,"minecraft:leather":2,"minecraft:honeycomb":1,"samurai_dynasty:spirit_flame":1,"biomesoplenty:rose_quartz_chunk":39,"minecraft:red_wool":4,"relics:horse_flute":4,"valhelsia_structures:doused_torch":1,"blue_skies:blue_journal":1,"minecraft:dark_oak_log":1,"born_in_chaos_v1:monster_skin":11,"minecraft:mutton":1,"blue_skies:trough":1,"farmersdelight:onion":7,"create:large_cogwheel":2,"simplyswords:gold_rapier":1,"minecraft:gold_ingot":21,"minecraft:cauldron":3,"minecraft:armor_stand":9,"minecraft:gravel":10,"immersive_armors:heavy_leggings":1,"minecraft:andesite_slab":1,"born_in_chaos_v1:ethereal_spirit":7,"minecraft:carrot":15,"paraglider:deku_leaf":1,"supplementaries:antique_ink":13,"minecraft:poppy":2,"minecraft:oak_fence_gate":9,"minecraft:leather_chestplate":1,"supplementaries:ash":92,"exoticbirds:flamingo_egg":1,"minecraft:mangrove_log":5,"minecraft:gunpowder":59,"minecraft:skeleton_skull":4,"born_in_chaos_v1:corpse_maggot":37,"minecraft:chest":14,"born_in_chaos_v1:diamond_termite_shard":3,"twilightforest:twilight_oak_chest":2,"immersive_aircraft:sail":1,"minecraft:iron_bars":1,"minecraft:arrow":22,"minecraft:powered_rail":11,"minecraft:quartz":18,"minecraft:oak_leaves":154,"domesticationinnovation:collar_tag":1,"minecraft:netherrack":10,"minecraft:enchanting_table":1,"enderzoology:ender_fragment":1,"create:andesite_alloy":67,"born_in_chaos_v1:dark_rod":4,"minecraft:stone_hoe":2,"minecraft:bread":1,"farlanders:looter_hood":1,"minecraft:oak_slab":2,"minecraft:cherry_log":1,"minecraft:mossy_cobblestone":2,"minecraft:poisonous_potato":6,"minecraft:lead":22,"delightful:green_tea_leaf":12,"evilcraft:dark_gem":5,"ecologics:crab_claw":1,"minecraft:copper_ingot":24,"exoticbirds:swan_egg":3,"mowziesmobs:wrought_axe":1,"minecraft:stick":69,"illagerinvasion:platinum_chunk":1,"minecraft:diorite":77,"minecraft:torch":5,"born_in_chaos_v1:fused_bone":6,"minecraft:zombie_head":1,"minecraft:map":9,"born_in_chaos_v1:stimulating_decoction":3,"create:piston_extension_pole":24,"minecraft:iron_axe":1,"the_bumblezone:porous_honeycomb_block":1,"duckling:duck_egg":2,"minecraft:bucket":3,"enderzoology:confusing_powder":1,"minecraft:dandelion":2,"iceandfire:dragonbone":3,"minecraft:redstone":46,"minecraft:anvil":5,"minecraft:sweet_berries":38,"minecraft:kelp":210,"create:shaft":31,"minecraft:coarse_dirt":17,"iceandfire:lightning_dragon_heart":1,"minecraft:raw_copper":226,"minecraft:tuff":57,"minecraft:raw_iron":138,"minecraft:flint_and_steel":1,"minecraft:shield":2,"biomesoplenty:fir_planks":6,"fishofthieves:earthworms":38,"aether:iron_gloves":1,"minecraft:andesite":144,"minecraft:purple_bed":1,"minecraft:mossy_stone_bricks":5,"minecraft:oak_sapling":54,"samurai_dynasty:jade":12,"minecraft:stone_pickaxe":2,"minecraft:raw_gold":33,"samurai_dynasty:raw_silver":28},"minecraft:broken":{"minecraft:iron_boots":1,"minecraft:iron_chestplate":1,"minecraft:iron_leggings":1,"minecraft:iron_sword":1,"minecraft:chainmail_leggings":1,"aether:iron_gloves":1,"minecraft:iron_axe":1,"minecraft:iron_pickaxe":1,"minecraft:iron_helmet":2,"minecraft:golden_axe":1,"create:sand_paper":2},"minecraft:used":{"evilcraft:blood_chest":1,"minecraft:chest":37,"minecraft:rotten_flesh":2,"minecraft:cocoa_beans":9,"samurai_dynasty:katana":5,"minecraft:jungle_sapling":5,"minecraft:dark_oak_slab":4,"minecraft:bow":12,"create:shaft":5,"minecraft:sweet_berries":11,"minecraft:oak_sapling":24,"minecraft:furnace":7,"minecraft:potato":34,"immersive_aircraft:biplane":2,"minecraft:damaged_anvil":1,"useless_sword:coal_sword":15,"minecraft:wooden_pickaxe":47,"minecraft:sand":27,"evilcraft:undead_sapling":2,"minecraft:blast_furnace":1,"relics:horse_flute":24,"minecraft:zombie_head":1,"born_in_chaos_v1:monster_flesh":1,"born_in_chaos_v1:staffof_magic_arrows":5,"sons_of_sins:flesh_of_demise":2,"minecraft:dark_oak_fence":1,"minecraft:birch_log":1,"delightful:acorn":1,"minecraft:stone_sword":10,"minecraft:enchanting_table":1,"exoticbirds:swan_egg":1,"minecraft:torch":100,"minecraft:anvil":4,"minecraft:oak_fence_gate":4,"minecraft:chipped_anvil":4,"minecraft:iron_axe":312,"minecraft:rooted_dirt":1,"minecraft:jungle_log":6,"minecraft:barrel":3,"minecraft:bamboo":4,"create:belt_connector":6,"minecraft:golden_axe":4,"alexsdelight:cooked_bison":6,"minecraft:water_bucket":5,"farlanders:looter_hood":1,"create:blaze_burner":1,"minecraft:cracked_stone_bricks":1,"animal_feeding_trough:feeding_trough":2,"minecraft:oak_slab":1,"minecraft:crafting_table":6,"minecraft:red_bed":1,"minecraft:white_bed":2,"mowziesmobs:wrought_axe":33,"minecraft:diamond_pickaxe":1643,"minecraft:iron_pickaxe":146,"minecraft:spruce_trapdoor":1,"minecraft:cobblestone":333,"samurai_dynasty:odachi":360,"biomesoplenty:fir_log":6,"minecraft:iron_shovel":107,"minecraft:shield":34,"minecraft:iron_sword":267,"minecraft:grass":3,"minecraft:iron_chestplate":2,"create:cogwheel":7,"minecraft:obsidian":15,"born_in_chaos_v1:corpse_maggot":8,"farmersdelight:tomato":1,"minecraft:iron_helmet":2,"simplyswords:waxweaver":2,"blue_skies:trough":2,"minecraft:stone_pickaxe":68,"minecraft:sugar_cane":10,"simplyswords:iron_chakram":4,"farmersdelight:cod_roll":1,"minecraft:black_bed":1,"minecraft:shears":4,"waystones:waystone":2,"minecraft:dark_oak_log":1,"minecraft:bread":34,"minecraft:grindstone":2,"minecraft:cobweb":8,"minecraft:coarse_dirt":1,"twilightforest:twilight_oak_chest":1,"minecraft:bone_meal":65,"create:large_cogwheel":4,"minecraft:oak_fence":22,"simplyswords:iron_claymore":134,"minecraft:flint_and_steel":2,"minecraft:spruce_planks":1,"minecraft:stone_hoe":1,"useless_sword:redstone_sword":16,"minecraft:dirt":155,"fishofthieves:earthworms":4,"exoticbirds:pigeon_egg":1,"alexsmobs:maggot":2,"minecraft:bookshelf":21,"minecraft:iron_boots":1,"alexsmobs:banana":1,"minecraft:cooked_beef":5,"minecraft:iron_leggings":1,"create:empty_blaze_burner":1,"minecraft:baked_potato":215,"evilcraft:blood_infuser":1,"farmersdelight:onion":1,"minecraft:apple":5,"create:mechanical_press":1,"create:large_water_wheel":1,"minecraft:stone_axe":5,"minecraft:bucket":4,"minecraft:pumpkin_pie":11,"alexsmobs:animal_dictionary":1,"minecraft:chainmail_leggings":1}},"DataVersion":3465}