{"stats":{"minecraft:dropped":{"minecraft:dirt":1,"minecraft:wheat_seeds":3},"minecraft:used":{"minecraft:apple":3,"minecraft:stone_sword":10,"minecraft:stone_pickaxe":64,"minecraft:bread":3,"useless_sword:coal_sword":6,"minecraft:wooden_pickaxe":47,"minecraft:stone_axe":2,"minecraft:crafting_table":1,"minecraft:dark_oak_fence":1,"alexsmobs:animal_dictionary":1},"minecraft:mined":{"iceandfire:silver_ore":1,"minecraft:iron_ore":3,"minecraft:smoker":1,"minecraft:black_bed":1,"biomesoplenty:fir_log":10,"minecraft:dark_oak_fence":1,"minecraft:grass":21,"minecraft:grass_block":1,"minecraft:coal_ore":27,"biomesoplenty:high_grass":2,"biomesoplenty:fir_leaves":2,"minecraft:lantern":1,"create_new_age:thorium_ore":4,"biomesoplenty:high_grass_plant":2,"minecraft:copper_ore":4,"minecraft:stone":70},"minecraft:picked_up":{"minecraft:stick":2,"minecraft:raw_iron":3,"create_new_age:thorium":12,"minecraft:leather":2,"minecraft:black_bed":1,"minecraft:smoker":1,"biomesoplenty:fir_log":13,"exoticbirds:mystery_egg":1,"minecraft:red_bed":1,"minecraft:dirt":1,"minecraft:raw_copper":13,"minecraft:wheat_seeds":3,"minecraft:beef":2,"alexsmobs:maggot":2,"delightful:green_tea_leaf":1,"minecraft:dark_oak_fence":1,"minecraft:coal":27,"iceandfire:raw_silver":1,"minecraft:cobblestone":69},"minecraft:crafted":{"biomesoplenty:fir_planks":52,"minecraft:shield":1,"minecraft:crafting_table":1,"minecraft:iron_ingot":4,"minecraft:stick":8,"minecraft:wooden_pickaxe":1,"minecraft:stone_pickaxe":1,"minecraft:stone_sword":1,"minecraft:stone_axe":1,"minecraft:air":0},"minecraft:custom":{"minecraft:time_since_rest":4089,"minecraft:interact_with_furnace":8,"minecraft:sprint_one_cm":63143,"minecraft:damage_taken":315,"minecraft:walk_one_cm":176960,"minecraft:mob_kills":2,"minecraft:drop":4,"minecraft:damage_dealt":139,"minecraft:interact_with_crafting_table":11,"minecraft:swim_one_cm":8206,"minecraft:talked_to_villager":1,"minecraft:open_barrel":2,"minecraft:fly_one_cm":49021,"minecraft:open_chest":10,"minecraft:crouch_one_cm":17214,"minecraft:play_time":35113,"minecraft:deaths":1,"minecraft:sneak_time":3498,"minecraft:walk_under_water_one_cm":3053,"minecraft:jump":559,"minecraft:damage_dealt_resisted":12,"minecraft:leave_game":1,"minecraft:time_since_death":4068,"minecraft:walk_on_water_one_cm":12950,"minecraft:sleep_in_bed":1,"minecraft:total_world_time":35113,"minecraft:interact_with_smoker":1,"minecraft:fall_one_cm":9198},"minecraft:killed":{"alexsmobs:fly":2}},"DataVersion":3465}