{"stats":{"minecraft:broken":{"minecraft:iron_boots":1,"minecraft:iron_chestplate":1,"minecraft:iron_leggings":1,"minecraft:iron_sword":1,"minecraft:chainmail_leggings":1,"aether:iron_gloves":1,"minecraft:golden_axe":1,"minecraft:iron_axe":1,"minecraft:iron_pickaxe":1,"minecraft:iron_helmet":1,"create:sand_paper":2},"minecraft:dropped":{"minecraft:iron_sword":4,"iceandfire:raw_silver":6,"minecraft:lapis_lazuli":140,"minecraft:ender_pearl":2,"minecraft:leather":2,"biomesoplenty:rose_quartz_chunk":17,"samurai_dynasty:spirit_flame":1,"relics:horse_flute":4,"born_in_chaos_v1:pieceofdarkmetal":2,"minecraft:dirt":4,"minecraft:red_bed":1,"blue_skies:trough":1,"minecraft:gold_nugget":10,"minecraft:gold_ingot":2,"minecraft:bone":25,"create_new_age:thorium":60,"minecraft:cobbled_deepslate":1,"paraglider:deku_leaf":1,"supplementaries:antique_ink":3,"supplementaries:ash":31,"minecraft:gunpowder":12,"born_in_chaos_v1:corpse_maggot":2,"minecraft:ladder":2,"minecraft:iron_bars":1,"minecraft:oak_leaves":2,"minecraft:iron_ingot":29,"minecraft:bread":1,"born_in_chaos_v1:intoxicating_decoction":1,"minecraft:wheat_seeds":3,"born_in_chaos_v1:shattered_skull":2,"simplyswords:iron_chakram":1,"minecraft:poisonous_potato":2,"minecraft:coal":13,"minecraft:cobweb":9,"relics:roller_skates":1,"iceandfire:copper_nugget":6,"minecraft:string":7,"create:sand_paper":1,"create:raw_zinc":8,"iceandfire:dragonbone":3,"minecraft:anvil":1,"iceandfire:lightning_dragon_heart":1,"minecraft:stone_sword":1,"minecraft:raw_copper":66,"minecraft:raw_iron":59,"sophisticatedbackpacks:backpack":1,"minecraft:shears":1,"minecraft:potato":38,"minecraft:diamond_pickaxe":1,"samurai_dynasty:jade":6,"biomesoplenty:bush":3,"minecraft:raw_gold":5,"samurai_dynasty:raw_silver":14},"minecraft:custom":{"minecraft:interact_with_crafting_table":99,"minecraft:open_barrel":14,"minecraft:eat_cake_slice":6,"minecraft:leave_game":8,"minecraft:time_since_death":230487,"minecraft:sprint_one_cm":997171,"minecraft:damage_blocked_by_shield":300,"minecraft:drop":106,"minecraft:play_noteblock":9,"minecraft:talked_to_villager":9,"minecraft:play_time":383324,"minecraft:deaths":3,"minecraft:jump":3920,"minecraft:walk_on_water_one_cm":37689,"minecraft:interact_with_furnace":103,"minecraft:traded_with_villager":1,"minecraft:sleep_in_bed":30,"minecraft:waystone_activated":2,"minecraft:damage_dealt":22748,"minecraft:crouch_one_cm":80254,"minecraft:interact_with_smoker":1,"minecraft:use_cauldron":1,"minecraft:horse_one_cm":1269,"minecraft:mob_kills":157,"minecraft:interact_with_anvil":11,"minecraft:fill_cauldron":1,"minecraft:damage_dealt_resisted":528,"minecraft:climb_one_cm":24802,"minecraft:walk_one_cm":975076,"minecraft:sneak_time":20707,"minecraft:walk_under_water_one_cm":14395,"minecraft:interact_with_blast_furnace":6,"minecraft:total_world_time":383324,"minecraft:tune_noteblock":1,"minecraft:interact_with_grindstone":2,"minecraft:time_since_rest":4616,"minecraft:damage_taken":8102,"minecraft:swim_one_cm":88073,"minecraft:fly_one_cm":787802,"minecraft:open_chest":301,"minecraft:fall_one_cm":110811},"minecraft:crafted":{"immersive_aircraft:engine":1,"minecraft:smooth_stone":4,"minecraft:oak_planks":40,"minecraft:stone":4,"create:mechanical_press":1,"immersive_aircraft:hull":3,"minecraft:chest":2,"minecraft:stone_hoe":1,"create:cogwheel":4,"blue_skies:blue_journal":1,"minecraft:oak_slab":12,"sophisticatedbackpacks:backpack":1,"minecraft:crafting_table":3,"simplyswords:iron_claymore":1,"minecraft:spruce_planks":37,"create:piston_extension_pole":24,"minecraft:wooden_pickaxe":1,"minecraft:baked_potato":93,"minecraft:copper_ingot":15,"create:sand_paper":2,"create:mechanical_mixer":1,"immersive_aircraft:propeller":1,"biomesoplenty:fir_planks":52,"minecraft:paper":3,"minecraft:shield":1,"minecraft:stick":17,"minecraft:iron_ingot":49,"minecraft:iron_block":1,"minecraft:stone_sword":1,"create:large_cogwheel":3,"minecraft:shears":1,"create:empty_blaze_burner":1,"minecraft:raw_iron":36,"minecraft:iron_nugget":63,"immersive_aircraft:sail":1,"minecraft:furnace":2,"minecraft:blast_furnace":1,"immersive_aircraft:biplane":1,"minecraft:piston":2,"minecraft:bone_meal":32,"minecraft:white_carpet":6,"minecraft:flint_and_steel":1,"minecraft:spruce_slab":6,"minecraft:stone_pickaxe":1,"blue_skies:trough":2,"create:electron_tube":4,"minecraft:dark_oak_planks":4,"create:belt_connector":5,"create:andesite_alloy":34,"immersive_aircraft:boiler":1,"simplyswords:iron_chakram":1,"minecraft:dried_kelp":56,"minecraft:iron_sword":1,"minecraft:stone_axe":1,"minecraft:air":21,"aether:iron_gloves":1,"create:whisk":1,"minecraft:white_wool":4,"minecraft:white_bed":1,"create:shaft":48},"minecraft:used":{"minecraft:chest":7,"minecraft:shield":34,"minecraft:iron_sword":267,"minecraft:rotten_flesh":2,"minecraft:iron_chestplate":2,"create:cogwheel":7,"minecraft:obsidian":15,"born_in_chaos_v1:corpse_maggot":7,"farmersdelight:tomato":1,"minecraft:iron_helmet":2,"minecraft:dark_oak_slab":4,"minecraft:bow":12,"minecraft:sweet_berries":11,"create:shaft":5,"minecraft:oak_sapling":16,"minecraft:potato":34,"immersive_aircraft:biplane":2,"blue_skies:trough":2,"minecraft:damaged_anvil":1,"minecraft:stone_pickaxe":68,"useless_sword:coal_sword":15,"minecraft:wooden_pickaxe":47,"minecraft:sugar_cane":1,"simplyswords:iron_chakram":4,"farmersdelight:cod_roll":1,"minecraft:black_bed":1,"relics:horse_flute":15,"minecraft:dark_oak_log":1,"minecraft:zombie_head":1,"minecraft:bread":34,"born_in_chaos_v1:staffof_magic_arrows":5,"sons_of_sins:flesh_of_demise":2,"minecraft:grindstone":1,"minecraft:dark_oak_fence":1,"twilightforest:twilight_oak_chest":1,"minecraft:birch_log":1,"minecraft:coarse_dirt":1,"minecraft:cobweb":8,"minecraft:bone_meal":32,"create:large_cogwheel":4,"minecraft:oak_fence":1,"simplyswords:iron_claymore":43,"minecraft:stone_sword":10,"minecraft:flint_and_steel":1,"exoticbirds:swan_egg":1,"minecraft:spruce_planks":1,"minecraft:stone_hoe":1,"useless_sword:redstone_sword":11,"minecraft:torch":10,"fishofthieves:earthworms":4,"minecraft:dirt":96,"minecraft:anvil":3,"alexsmobs:maggot":2,"minecraft:chipped_anvil":4,"minecraft:iron_axe":150,"minecraft:rooted_dirt":1,"minecraft:iron_boots":1,"minecraft:barrel":3,"minecraft:cooked_beef":5,"minecraft:golden_axe":4,"alexsdelight:cooked_bison":6,"create:belt_connector":6,"minecraft:iron_leggings":1,"minecraft:water_bucket":5,"farlanders:looter_hood":1,"create:empty_blaze_burner":1,"minecraft:baked_potato":82,"create:blaze_burner":1,"minecraft:cracked_stone_bricks":1,"animal_feeding_trough:feeding_trough":2,"farmersdelight:onion":1,"minecraft:oak_slab":1,"minecraft:crafting_table":3,"minecraft:white_bed":1,"minecraft:diamond_pickaxe":482,"minecraft:apple":5,"create:mechanical_press":1,"minecraft:iron_pickaxe":66,"minecraft:spruce_trapdoor":1,"create:large_water_wheel":1,"minecraft:stone_axe":2,"minecraft:cobblestone":233,"minecraft:bucket":4,"minecraft:pumpkin_pie":11,"alexsmobs:animal_dictionary":1,"biomesoplenty:fir_log":6,"minecraft:chainmail_leggings":1},"minecraft:killed":{"born_in_chaos_v1:zombie_clown":2,"minecraft:zombified_piglin":46,"born_in_chaos_v1:restless_spirit":2,"born_in_chaos_v1:zombie_lumberjack":2,"born_in_chaos_v1:skeleton_demoman":1,"minecraft:spider":4,"born_in_chaos_v1:siamese_skeletonsright":1,"minecraft:skeleton":10,"minecraft:pig":1,"born_in_chaos_v1:bonescaller":1,"minecraft:zombie_villager":2,"minecraft:creeper":5,"minecraft:zombie":4,"born_in_chaos_v1:corpse_fly":15,"enemyexpansion:botfly":3,"alexsmobs:fly":3,"minecraft:blaze":1,"born_in_chaos_v1:siamese_skeletonsleft":1,"samurai_dynasty:onibi":1,"enemyexpansion:direwolf":4,"born_in_chaos_v1:zombie_bruiser":1,"born_in_chaos_v1:maggot":21,"alexsmobs:bison":1,"farlanders:looter":3,"iceandfire:cyclops":1,"born_in_chaos_v1:baby_skeleton":3,"born_in_chaos_v1:swarmer":1,"enemyexpansion:sprinter":1,"born_in_chaos_v1:decrepit_skeleton":5,"evilcraft:poisonous_libelle":1,"sons_of_sins:betrayed_guzzler":1,"iceandfire:ghost":4},"minecraft:picked_up":{"minecraft:wheat":3,"minecraft:anvil":8,"minecraft:lead":4,"minecraft:enchanted_book":2,"minecraft:string":8,"minecraft:soul_soil":2,"minecraft:raw_copper":21,"create:sand_paper":1,"minecraft:gold_nugget":20,"minecraft:cobbled_deepslate":2,"delightful:acorn":2,"delightful:green_tea_leaf":3,"minecraft:iron_boots":1,"minecraft:stick":2,"born_in_chaos_v1:shattered_skull":1,"minecraft:oak_fence":2,"minecraft:torch":13,"create:andesite_casing":6,"minecraft:porkchop":4,"minecraft:golden_axe":1,"minecraft:cherry_log":1,"create:large_cogwheel":1,"minecraft:rotten_flesh":28,"biomesoplenty:rose_quartz_chunk":27,"relics:horse_flute":4,"alexsdelight:raw_bison":2,"supplementaries:ash":3,"minecraft:obsidian":1,"minecraft:iron_bars":1,"minecraft:cobblestone":346,"minecraft:birch_log":1,"born_in_chaos_v1:staffof_magic_arrows":1,"minecraft:leather_chestplate":1,"relics:roller_skates":2,"born_in_chaos_v1:spiritual_dust":1,"minecraft:andesite":45,"minecraft:black_bed":2,"minecraft:smoker":1,"minecraft:potato":200,"biomesoplenty:fir_log":19,"alexsmobs:bison_fur":2,"create:belt_connector":1,"blue_skies:trough":2,"minecraft:stripped_spruce_wood":14,"farmersdelight:tomato":15,"minecraft:dirt":125,"biomesoplenty:bush":6,"minecraft:bone":40,"minecraft:chipped_anvil":4,"minecraft:bow":1,"minecraft:wheat_seeds":8,"minecraft:grindstone":1,"fishofthieves:earthworms":20,"create:shaft":3,"minecraft:bamboo":4,"exoticbirds:eggshell":2,"minecraft:oak_planks":15,"exoticbirds:gull_egg":1,"create:cogwheel":1,"create:empty_blaze_burner":1,"minecraft:poisonous_potato":3,"minecraft:sand":5,"iceandfire:lightning_dragon_heart":2,"exoticbirds:mystery_egg":1,"minecraft:barrel":2,"sons_of_sins:flesh_of_demise":2,"minecraft:granite":2,"minecraft:grass":3,"minecraft:rooted_dirt":1,"minecraft:golden_horse_armor":1,"minecraft:bread":18,"alexsmobs:maggot":4,"minecraft:oak_sapling":15,"minecraft:dark_oak_fence":1,"minecraft:netherrack":11,"minecraft:oak_leaves":3,"iceandfire:raw_silver":1,"minecraft:diamond_pickaxe":2,"iceandfire:dragon_skull_lightning":1,"minecraft:coarse_dirt":7,"create_new_age:thorium":12,"minecraft:ladder":2,"minecraft:chain":3,"minecraft:shield":2,"immersive_aircraft:biplane":1,"minecraft:red_bed":1,"minecraft:iron_axe":2,"born_in_chaos_v1:intoxicating_decoction":4,"minecraft:cracked_stone_bricks":1,"minecraft:beef":2,"minecraft:spruce_slab":8,"minecraft:sugar_cane":8,"minecraft:chest":4,"minecraft:spruce_trapdoor":1,"create:polished_rose_quartz":1,"minecraft:raw_iron":5,"iceandfire:dragonbone":6,"minecraft:glow_item_frame":2,"minecraft:note_block":8,"minecraft:dark_oak_planks":1,"samurai_dynasty:spirit_flame":1,"minecraft:arrow":34,"minecraft:shears":1,"artifacts:cross_necklace":1,"minecraft:gold_ingot":2,"minecraft:bone_block":48,"minecraft:white_wool":4,"born_in_chaos_v1:fused_bone":4,"born_in_chaos_v1:corpse_maggot":24,"create:iron_sheet":11,"minecraft:leather":2,"minecraft:oak_log":27,"iceandfire:ectoplasm":1,"farlanders:looter_hood":1,"minecraft:cobblestone_wall":2,"minecraft:gunpowder":8,"minecraft:red_carpet":20,"minecraft:apple":1,"minecraft:stone_bricks":1,"minecraft:kelp":138,"minecraft:iron_ingot":23,"minecraft:iron_sword":7,"minecraft:book":24,"iceandfire:copper_nugget":6,"minecraft:oak_slab":1,"exoticbirds:swan_egg":3,"minecraft:dark_oak_slab":8,"create:large_water_wheel":1,"minecraft:sweet_berries":12,"born_in_chaos_v1:ethereal_spirit":4,"minecraft:red_wool":4,"minecraft:quartz":9,"minecraft:raw_iron_block":4,"minecraft:white_bed":1,"minecraft:spider_eye":1,"iceandfire:dragonscales_copper":16,"minecraft:damaged_anvil":1,"minecraft:coal":28,"minecraft:ender_pearl":1},"minecraft:mined":{"create:andesite_casing":6,"valhelsia_structures:dirt":2,"minecraft:obsidian":1,"minecraft:granite":2,"minecraft:grass_block":10,"minecraft:soul_soil":1,"create:belt":1,"minecraft:tall_seagrass":3,"minecraft:raw_iron_block":4,"minecraft:iron_ore":5,"minecraft:fire":1,"minecraft:barrel":2,"minecraft:anvil":5,"minecraft:iron_bars":2,"minecraft:spruce_slab":2,"biomesoplenty:medium_rose_quartz_bud":1,"valhelsia_structures:coarse_dirt":2,"create:cogwheel":1,"minecraft:kelp_plant":29,"supplementaries:book_pile":1,"minecraft:smoker":1,"minecraft:torch":2,"minecraft:note_block":8,"minecraft:chest":4,"minecraft:nether_quartz_ore":9,"minecraft:cobblestone":15,"minecraft:sugar_cane":3,"minecraft:oak_planks":10,"minecraft:damaged_anvil":1,"minecraft:chain":1,"biomesoplenty:large_rose_quartz_bud":9,"minecraft:black_bed":2,"biomesoplenty:fir_log":10,"minecraft:grass":35,"minecraft:oak_log":25,"minecraft:sand":5,"minecraft:dirt":7,"minecraft:netherrack":14,"minecraft:oak_leaves":1,"minecraft:red_carpet":21,"blue_skies:trough":1,"iceandfire:silver_ore":1,"minecraft:ladder":2,"minecraft:dark_oak_fence":1,"biomesoplenty:bush":10,"create:large_cogwheel":1,"create_new_age:thorium_ore":4,"minecraft:kelp":6,"create:shaft":2,"minecraft:andesite":45,"minecraft:bookshelf":7,"minecraft:potatoes":2,"biomesoplenty:high_grass":2,"minecraft:lantern":1,"biomesoplenty:barley":1,"minecraft:bamboo":1,"minecraft:stone":368,"biomesoplenty:rose_quartz_cluster":14,"minecraft:bone_block":26,"minecraft:red_wool":4,"minecraft:oak_fence":1,"biomesoplenty:small_rose_quartz_bud":1,"biomesoplenty:high_grass_plant":2,"minecraft:copper_ore":6,"create:water_wheel_structure":1,"create:blaze_burner":1,"minecraft:coarse_dirt":1,"minecraft:stripped_spruce_wood":5,"minecraft:sweet_berry_bush":1,"minecraft:coal_ore":28,"biomesoplenty:fir_leaves":2,"minecraft:cobweb":9,"minecraft:chipped_anvil":4}},"DataVersion":3465}