{"stats":{"minecraft:custom":{"minecraft:interact_with_crafting_table":110,"minecraft:open_barrel":20,"minecraft:eat_cake_slice":6,"minecraft:leave_game":8,"minecraft:time_since_death":307198,"minecraft:damage_blocked_by_shield":300,"minecraft:play_time":460035,"minecraft:deaths":3,"minecraft:jump":5038,"minecraft:interact_with_furnace":119,"minecraft:traded_with_villager":1,"minecraft:sleep_in_bed":34,"minecraft:waystone_activated":4,"minecraft:damage_dealt":26253,"minecraft:interact_with_smoker":1,"minecraft:use_cauldron":1,"minecraft:horse_one_cm":1269,"minecraft:interact_with_anvil":11,"minecraft:sneak_time":30337,"minecraft:interact_with_blast_furnace":6,"minecraft:total_world_time":460035,"minecraft:tune_noteblock":1,"minecraft:time_since_rest":27604,"minecraft:swim_one_cm":94695,"minecraft:fly_one_cm":1060480,"minecraft:open_chest":421,"minecraft:fall_one_cm":133640,"minecraft:sprint_one_cm":1269403,"minecraft:drop":503,"minecraft:play_noteblock":9,"minecraft:talked_to_villager":9,"minecraft:walk_on_water_one_cm":45367,"minecraft:crouch_one_cm":121025,"minecraft:mob_kills":175,"minecraft:fill_cauldron":1,"minecraft:damage_dealt_resisted":552,"minecraft:climb_one_cm":31762,"minecraft:walk_one_cm":1124237,"minecraft:walk_under_water_one_cm":16428,"minecraft:interact_with_grindstone":2,"minecraft:damage_taken":9460},"minecraft:mined":{"create:andesite_casing":6,"valhelsia_structures:dirt":2,"minecraft:obsidian":1,"minecraft:granite":2,"twilightforest:twilight_oak_chest":1,"create:belt":1,"minecraft:tall_seagrass":3,"minecraft:fire":1,"minecraft:barrel":5,"valhelsia_structures:coarse_dirt":2,"create:cogwheel":1,"minecraft:red_bed":1,"minecraft:kelp_plant":29,"minecraft:smoker":1,"minecraft:torch":2,"minecraft:note_block":8,"minecraft:sugar_cane":3,"minecraft:damaged_anvil":3,"minecraft:chain":1,"biomesoplenty:large_rose_quartz_bud":9,"minecraft:black_bed":3,"minecraft:grass":40,"minecraft:oak_fence_gate":9,"minecraft:deepslate":22,"create:zinc_ore":33,"iceandfire:silver_ore":5,"minecraft:dark_oak_fence":1,"create_new_age:thorium_ore":4,"minecraft:kelp":6,"create:shaft":2,"minecraft:andesite":122,"minecraft:potatoes":2,"biomesoplenty:high_grass":2,"biomesoplenty:barley":1,"minecraft:bamboo":1,"biomesoplenty:rose_quartz_cluster":14,"minecraft:bone_block":26,"create_new_age:magnetite_block":1,"biomesoplenty:small_rose_quartz_bud":1,"biomesoplenty:high_grass_plant":2,"minecraft:tall_grass":2,"minecraft:copper_ore":59,"create:water_wheel_structure":1,"create:blaze_burner":1,"minecraft:coarse_dirt":1,"minecraft:stripped_spruce_wood":5,"minecraft:cobweb":9,"minecraft:chipped_anvil":7,"minecraft:grass_block":95,"minecraft:soul_soil":1,"minecraft:raw_iron_block":4,"minecraft:iron_ore":36,"minecraft:anvil":5,"minecraft:iron_bars":2,"minecraft:spruce_slab":2,"biomesoplenty:medium_rose_quartz_bud":1,"minecraft:deepslate_redstone_ore":3,"supplementaries:book_pile":1,"minecraft:chest":27,"minecraft:nether_quartz_ore":9,"minecraft:cobblestone":15,"minecraft:oak_planks":10,"minecraft:wall_torch":1,"biomesoplenty:fir_log":10,"minecraft:oak_log":82,"minecraft:sand":5,"minecraft:dirt":9,"minecraft:netherrack":14,"minecraft:oak_leaves":17,"minecraft:red_carpet":21,"blue_skies:trough":1,"minecraft:ladder":2,"biomesoplenty:bush":11,"create:large_cogwheel":1,"minecraft:furnace":4,"evilcraft:dark_ore":4,"minecraft:bookshelf":28,"minecraft:deepslate_iron_ore":8,"minecraft:lantern":1,"minecraft:stone":436,"minecraft:red_wool":4,"minecraft:oak_fence":12,"minecraft:lapis_ore":6,"supplementaries:urn":4,"minecraft:sweet_berry_bush":1,"minecraft:coal_ore":35,"biomesoplenty:fir_leaves":2},"minecraft:dropped":{"minecraft:iron_sword":7,"iceandfire:raw_silver":17,"minecraft:porkchop":10,"minecraft:lapis_lazuli":374,"minecraft:glass_bottle":13,"minecraft:diamond":4,"minecraft:crafting_table":1,"minecraft:dark_oak_slab":4,"minecraft:crossbow":1,"minecraft:glow_item_frame":2,"create:cogwheel":6,"minecraft:black_bed":1,"minecraft:rooted_dirt":6,"iceandfire:dragonscales_copper":16,"minecraft:cracked_stone_bricks":6,"minecraft:saddle":2,"born_in_chaos_v1:pieceofdarkmetal":14,"exoticbirds:gull_egg":1,"samurai_dynasty:ruby":13,"minecraft:rail":31,"minecraft:item_frame":2,"minecraft:red_carpet":20,"sophisticatedbackpacks:gold_backpack":1,"minecraft:emerald":86,"born_in_chaos_v1:monster_flesh":3,"minecraft:dirt":78,"minecraft:red_bed":2,"minecraft:grass":3,"minecraft:chain":2,"minecraft:wooden_sword":1,"minecraft:gold_nugget":47,"minecraft:bone_meal":5,"minecraft:bone_block":24,"minecraft:sand":3,"minecraft:sugar":12,"minecraft:white_wool":12,"minecraft:tropical_fish_bucket":1,"minecraft:bone":159,"minecraft:note_block":8,"create_new_age:thorium":192,"minecraft:compass":6,"minecraft:iron_nugget":19,"minecraft:cobbled_deepslate":260,"domesticationinnovation:drum":1,"minecraft:wheat":18,"wandering_bags:forbidden_spell":1,"minecraft:obsidian":18,"minecraft:rotten_flesh":53,"minecraft:oak_planks":85,"minecraft:blaze_powder":1,"minecraft:white_bed":1,"supplementaries:flax_seeds":2,"create:scoria":12,"minecraft:ladder":2,"iceandfire:bestiary":1,"minecraft:painting":2,"minecraft:spruce_slab":12,"minecraft:stone_brick_stairs":5,"born_in_chaos_v1:marigolds":2,"minecraft:egg":1,"minecraft:enchanted_book":3,"minecraft:iron_ingot":87,"born_in_chaos_v1:intoxicating_decoction":6,"born_in_chaos_v1:shattered_skull":6,"minecraft:wheat_seeds":12,"create:polished_rose_quartz":24,"simplyswords:iron_chakram":1,"minecraft:golden_horse_armor":1,"minecraft:feather":14,"minecraft:oak_fence":4,"minecraft:iron_helmet":2,"minecraft:cobblestone":239,"minecraft:book":38,"exoticbirds:cooked_birdmeat":1,"minecraft:apple":74,"minecraft:granite":10,"minecraft:coal":30,"minecraft:golden_apple":3,"create:andesite_casing":8,"minecraft:cobweb":10,"born_in_chaos_v1:black_argillite":1,"relics:roller_skates":3,"minecraft:golden_carrot":1,"iceandfire:copper_nugget":6,"minecraft:rose_bush":2,"minecraft:dried_kelp":26,"delightful:acorn":25,"minecraft:chipped_anvil":6,"minecraft:smooth_stone":1,"minecraft:iron_shovel":2,"minecraft:paper":22,"minecraft:string":20,"minecraft:stone_brick_slab":5,"minecraft:beetroot_soup":2,"create:sand_paper":1,"create:raw_zinc":87,"minecraft:hanging_roots":1,"minecraft:furnace":4,"minecraft:soul_soil":1,"minecraft:stone_sword":2,"minecraft:cobblestone_wall":8,"minecraft:experience_bottle":2,"born_in_chaos_v1:rotten_fish":1,"sophisticatedbackpacks:backpack":1,"minecraft:stone_slab":4,"minecraft:damaged_anvil":4,"minecraft:name_tag":6,"minecraft:shears":2,"useless_sword:redstone_sword":1,"minecraft:hay_block":17,"minecraft:potato":343,"minecraft:stone":3,"minecraft:flower_pot":5,"create_new_age:magnetite_block":2,"minecraft:allium":5,"minecraft:spruce_planks":9,"create:zinc_ingot":4,"minecraft:diamond_pickaxe":1,"exoticbirds:raw_birdmeat":3,"minecraft:spider_eye":1,"minecraft:stone_bricks":40,"minecraft:barrel":15,"born_in_chaos_v1:charmof_resistance":1,"minecraft:blue_orchid":1,"biomesoplenty:bush":6,"relics:arrow_quiver":2,"minecraft:bow":1,"farmersdelight:ham":1,"simplyswords:waxweaver":2,"create:electron_tube":8,"farmersdelight:tomato":14,"iceandfire:dragon_skull_lightning":1,"simplyswords:iron_claymore":1,"create:belt_connector":4,"minecraft:oak_log":19,"minecraft:baked_potato":115,"minecraft:ender_pearl":3,"ecologics:coconut_slice":8,"the_bumblezone:pollen_puff":1,"minecraft:lantern":1,"minecraft:leather":2,"minecraft:honeycomb":1,"samurai_dynasty:spirit_flame":1,"biomesoplenty:rose_quartz_chunk":39,"minecraft:red_wool":4,"relics:horse_flute":4,"valhelsia_structures:doused_torch":1,"minecraft:mutton":1,"blue_skies:trough":1,"farmersdelight:onion":7,"create:large_cogwheel":2,"simplyswords:gold_rapier":1,"minecraft:gold_ingot":21,"minecraft:cauldron":2,"minecraft:armor_stand":9,"minecraft:andesite_slab":1,"born_in_chaos_v1:ethereal_spirit":5,"minecraft:carrot":15,"paraglider:deku_leaf":1,"supplementaries:antique_ink":13,"minecraft:poppy":2,"minecraft:oak_fence_gate":9,"minecraft:leather_chestplate":1,"supplementaries:ash":92,"minecraft:mangrove_log":3,"minecraft:gunpowder":59,"minecraft:skeleton_skull":3,"born_in_chaos_v1:corpse_maggot":23,"minecraft:chest":14,"born_in_chaos_v1:diamond_termite_shard":3,"twilightforest:twilight_oak_chest":2,"immersive_aircraft:sail":1,"minecraft:iron_bars":1,"minecraft:arrow":22,"minecraft:powered_rail":11,"minecraft:quartz":18,"minecraft:oak_leaves":154,"domesticationinnovation:collar_tag":1,"create:andesite_alloy":67,"minecraft:enchanting_table":1,"minecraft:netherrack":10,"minecraft:stone_hoe":2,"minecraft:bread":1,"farlanders:looter_hood":1,"minecraft:oak_slab":2,"minecraft:cherry_log":1,"minecraft:mossy_cobblestone":2,"minecraft:poisonous_potato":6,"minecraft:lead":22,"delightful:green_tea_leaf":11,"evilcraft:dark_gem":5,"ecologics:crab_claw":1,"minecraft:copper_ingot":24,"exoticbirds:swan_egg":3,"minecraft:stick":69,"illagerinvasion:platinum_chunk":1,"minecraft:diorite":55,"minecraft:torch":5,"born_in_chaos_v1:fused_bone":3,"minecraft:zombie_head":1,"minecraft:map":9,"born_in_chaos_v1:stimulating_decoction":3,"create:piston_extension_pole":24,"minecraft:iron_axe":1,"the_bumblezone:porous_honeycomb_block":1,"duckling:duck_egg":2,"minecraft:bucket":3,"iceandfire:dragonbone":3,"minecraft:dandelion":2,"minecraft:redstone":46,"minecraft:anvil":5,"minecraft:sweet_berries":38,"minecraft:kelp":210,"create:shaft":31,"minecraft:coarse_dirt":17,"iceandfire:lightning_dragon_heart":1,"minecraft:raw_copper":226,"minecraft:tuff":54,"minecraft:raw_iron":138,"minecraft:flint_and_steel":1,"minecraft:shield":2,"biomesoplenty:fir_planks":6,"fishofthieves:earthworms":38,"minecraft:andesite":26,"minecraft:mossy_stone_bricks":3,"minecraft:purple_bed":1,"minecraft:oak_sapling":54,"samurai_dynasty:jade":12,"minecraft:stone_pickaxe":2,"minecraft:raw_gold":33,"samurai_dynasty:raw_silver":28},"minecraft:crafted":{"immersive_aircraft:engine":1,"minecraft:smooth_stone":4,"create:mechanical_press":1,"create:cogwheel":4,"blue_skies:blue_journal":1,"simplyswords:iron_claymore":1,"minecraft:copper_ingot":15,"create:mechanical_mixer":1,"immersive_aircraft:propeller":1,"minecraft:iron_block":1,"create:large_cogwheel":3,"minecraft:iron_nugget":63,"immersive_aircraft:biplane":1,"minecraft:bone_meal":32,"minecraft:white_carpet":6,"minecraft:spruce_slab":6,"minecraft:stone_pickaxe":1,"blue_skies:trough":2,"create:electron_tube":4,"minecraft:dark_oak_planks":4,"create:belt_connector":5,"simplyswords:iron_chakram":1,"minecraft:dried_kelp":56,"sophisticatedbackpacks:gold_backpack":2,"minecraft:oak_fence_gate":1,"minecraft:iron_shovel":2,"minecraft:white_bed":1,"create:shaft":48,"minecraft:oak_planks":80,"minecraft:stone":4,"immersive_aircraft:hull":3,"minecraft:chest":22,"minecraft:stone_hoe":1,"minecraft:oak_fence":2,"minecraft:oak_slab":12,"sophisticatedbackpacks:backpack":1,"minecraft:crafting_table":5,"minecraft:spruce_planks":39,"create:piston_extension_pole":24,"minecraft:wooden_pickaxe":1,"minecraft:baked_potato":93,"create:sand_paper":2,"biomesoplenty:fir_planks":52,"minecraft:paper":3,"minecraft:shield":1,"minecraft:stick":23,"minecraft:iron_ingot":57,"minecraft:stone_sword":1,"minecraft:shears":1,"create:empty_blaze_burner":1,"minecraft:raw_iron":36,"immersive_aircraft:sail":1,"minecraft:furnace":2,"minecraft:blast_furnace":1,"minecraft:piston":2,"minecraft:flint_and_steel":1,"minecraft:iron_axe":1,"sophisticatedbackpacks:iron_backpack":2,"create:andesite_alloy":34,"immersive_aircraft:boiler":1,"minecraft:iron_sword":1,"minecraft:stone_axe":1,"minecraft:air":229,"aether:iron_gloves":1,"minecraft:white_wool":4,"create:whisk":1,"minecraft:torch":4},"minecraft:used":{"minecraft:chest":37,"minecraft:rotten_flesh":2,"minecraft:dark_oak_slab":4,"minecraft:bow":12,"minecraft:sweet_berries":11,"create:shaft":5,"minecraft:furnace":4,"minecraft:oak_sapling":24,"minecraft:potato":34,"immersive_aircraft:biplane":2,"minecraft:damaged_anvil":1,"useless_sword:coal_sword":15,"minecraft:wooden_pickaxe":47,"relics:horse_flute":15,"minecraft:zombie_head":1,"born_in_chaos_v1:monster_flesh":1,"born_in_chaos_v1:staffof_magic_arrows":5,"sons_of_sins:flesh_of_demise":2,"minecraft:dark_oak_fence":1,"minecraft:birch_log":1,"minecraft:stone_sword":10,"exoticbirds:swan_egg":1,"minecraft:torch":35,"minecraft:anvil":3,"minecraft:oak_fence_gate":4,"minecraft:chipped_anvil":4,"minecraft:iron_axe":259,"minecraft:rooted_dirt":1,"minecraft:barrel":3,"create:belt_connector":6,"minecraft:golden_axe":4,"alexsdelight:cooked_bison":6,"minecraft:water_bucket":5,"farlanders:looter_hood":1,"create:blaze_burner":1,"minecraft:cracked_stone_bricks":1,"animal_feeding_trough:feeding_trough":2,"minecraft:oak_slab":1,"minecraft:crafting_table":5,"minecraft:red_bed":1,"minecraft:white_bed":2,"minecraft:diamond_pickaxe":818,"minecraft:iron_pickaxe":66,"minecraft:spruce_trapdoor":1,"minecraft:cobblestone":236,"biomesoplenty:fir_log":6,"minecraft:iron_shovel":107,"minecraft:shield":34,"minecraft:iron_sword":267,"minecraft:grass":3,"minecraft:iron_chestplate":2,"create:cogwheel":7,"minecraft:obsidian":15,"born_in_chaos_v1:corpse_maggot":8,"farmersdelight:tomato":1,"minecraft:iron_helmet":2,"simplyswords:waxweaver":2,"blue_skies:trough":2,"minecraft:stone_pickaxe":68,"minecraft:sugar_cane":1,"simplyswords:iron_chakram":4,"farmersdelight:cod_roll":1,"minecraft:black_bed":1,"waystones:waystone":2,"minecraft:dark_oak_log":1,"minecraft:bread":34,"minecraft:grindstone":1,"minecraft:coarse_dirt":1,"twilightforest:twilight_oak_chest":1,"minecraft:bone_meal":32,"create:large_cogwheel":4,"minecraft:cobweb":8,"minecraft:oak_fence":22,"simplyswords:iron_claymore":99,"minecraft:flint_and_steel":1,"minecraft:spruce_planks":1,"minecraft:stone_hoe":1,"useless_sword:redstone_sword":16,"fishofthieves:earthworms":4,"minecraft:dirt":102,"exoticbirds:pigeon_egg":1,"alexsmobs:maggot":2,"minecraft:iron_boots":1,"minecraft:cooked_beef":5,"minecraft:iron_leggings":1,"create:empty_blaze_burner":1,"minecraft:baked_potato":114,"farmersdelight:onion":1,"minecraft:apple":5,"create:mechanical_press":1,"create:large_water_wheel":1,"minecraft:stone_axe":5,"minecraft:bucket":4,"minecraft:pumpkin_pie":11,"alexsmobs:animal_dictionary":1,"minecraft:chainmail_leggings":1},"minecraft:broken":{"minecraft:iron_boots":1,"minecraft:iron_chestplate":1,"minecraft:iron_leggings":1,"minecraft:iron_sword":1,"minecraft:chainmail_leggings":1,"aether:iron_gloves":1,"minecraft:iron_axe":1,"minecraft:iron_pickaxe":1,"minecraft:iron_helmet":1,"minecraft:golden_axe":1,"create:sand_paper":2},"minecraft:picked_up":{"minecraft:flower_pot":5,"minecraft:anvil":12,"minecraft:lead":26,"minecraft:stone_slab":4,"minecraft:enchanted_book":6,"minecraft:string":28,"minecraft:soul_soil":3,"minecraft:beetroot_soup":2,"create:piston_extension_pole":24,"minecraft:gold_nugget":70,"minecraft:cobbled_deepslate":267,"minecraft:spruce_planks":9,"minecraft:melon_slice":6,"minecraft:mangrove_log":3,"ecologics:crab_claw":1,"born_in_chaos_v1:shattered_skull":5,"simplyswords:waxweaver":2,"create:andesite_casing":14,"minecraft:golden_axe":1,"minecraft:cherry_log":2,"minecraft:cauldron":2,"minecraft:stone_sword":1,"biomesoplenty:rose_quartz_chunk":49,"create:scoria":12,"farmersdelight:onion":7,"relics:horse_flute":5,"aether:chainmail_gloves":1,"useless_sword:coal_sword":1,"minecraft:bookshelf":20,"supplementaries:ash":122,"minecraft:iron_bars":1,"minecraft:birch_log":2,"born_in_chaos_v1:staffof_magic_arrows":1,"minecraft:feather":14,"born_in_chaos_v1:spiritual_dust":1,"minecraft:smoker":1,"biomesoplenty:fir_log":19,"alexsmobs:bison_fur":2,"blue_skies:trough":2,"minecraft:stripped_spruce_wood":14,"minecraft:map":9,"farmersdelight:tomato":29,"minecraft:lantern":1,"biomesoplenty:bush":9,"born_in_chaos_v1:marigolds":4,"minecraft:hanging_roots":1,"minecraft:chipped_anvil":10,"fishofthieves:earthworms":62,"create:shaft":34,"immersive_aircraft:sail":1,"exoticbirds:eggshell":2,"minecraft:honeycomb":1,"duckling:duck_egg":2,"create:empty_blaze_burner":1,"iceandfire:lightning_dragon_heart":2,"minecraft:barrel":17,"minecraft:granite":12,"minecraft:golden_horse_armor":2,"minecraft:bread":18,"alexsmobs:maggot":4,"minecraft:rooted_dirt":7,"born_in_chaos_v1:rotten_fish":1,"minecraft:dark_oak_fence":1,"minecraft:diamond_pickaxe":2,"iceandfire:raw_silver":16,"the_bumblezone:porous_honeycomb_block":1,"iceandfire:dragon_skull_lightning":2,"minecraft:crafting_table":1,"minecraft:coarse_dirt":24,"exoticbirds:pigeon_egg":1,"born_in_chaos_v1:charmof_resistance":2,"minecraft:red_bed":3,"minecraft:flint_and_steel":1,"born_in_chaos_v1:intoxicating_decoction":9,"minecraft:compass":5,"minecraft:iron_shovel":3,"minecraft:cracked_stone_bricks":7,"iceandfire:bestiary":1,"minecraft:beef":2,"valhelsia_structures:doused_torch":1,"minecraft:iron_nugget":39,"minecraft:poppy":2,"minecraft:spruce_slab":20,"minecraft:chest":28,"minecraft:egg":1,"create:polished_rose_quartz":25,"minecraft:stone":3,"minecraft:glow_item_frame":4,"sophisticatedbackpacks:backpack":1,"born_in_chaos_v1:pieceofdarkmetal":12,"minecraft:carrot":15,"minecraft:redstone":61,"samurai_dynasty:spirit_flame":1,"minecraft:hay_block":17,"minecraft:shears":2,"relics:arrow_quiver":2,"minecraft:gold_ingot":21,"minecraft:white_wool":16,"minecraft:mutton":6,"minecraft:bone_block":72,"minecraft:rail":31,"exoticbirds:raw_birdmeat":3,"create:iron_sheet":11,"born_in_chaos_v1:monster_flesh":4,"samurai_dynasty:jade":12,"minecraft:oak_log":103,"minecraft:paper":22,"exoticbirds:cooked_birdmeat":1,"minecraft:apple":77,"minecraft:stone_bricks":41,"minecraft:kelp":348,"minecraft:oak_fence_gate":10,"minecraft:stone_pickaxe":2,"minecraft:cobweb":1,"minecraft:glass_bottle":13,"minecraft:iron_sword":10,"exoticbirds:swan_egg":6,"iceandfire:copper_nugget":6,"minecraft:dark_oak_slab":12,"minecraft:sweet_berries":50,"minecraft:red_wool":8,"born_in_chaos_v1:ethereal_spirit":10,"iceandfire:dragonscales_copper":32,"minecraft:purple_bed":1,"minecraft:stone_axe":1,"minecraft:painting":2,"minecraft:baked_potato":147,"minecraft:ender_pearl":3,"minecraft:wheat":21,"illagerinvasion:platinum_chunk":1,"minecraft:stone_brick_stairs":5,"born_in_chaos_v1:black_argillite":1,"minecraft:raw_copper":351,"minecraft:armor_stand":9,"minecraft:experience_bottle":2,"minecraft:zombie_head":1,"create:sand_paper":1,"minecraft:smooth_stone":1,"biomesoplenty:fir_planks":6,"minecraft:bucket":3,"delightful:acorn":31,"samurai_dynasty:raw_silver":14,"minecraft:rose_bush":2,"born_in_chaos_v1:stimulating_decoction":3,"delightful:green_tea_leaf":15,"minecraft:iron_boots":4,"minecraft:furnace":4,"minecraft:stick":78,"minecraft:oak_fence":17,"minecraft:torch":76,"minecraft:porkchop":14,"minecraft:dried_kelp":26,"minecraft:diorite":55,"create:large_cogwheel":3,"minecraft:rotten_flesh":82,"supplementaries:antique_ink":12,"alexsdelight:raw_bison":2,"minecraft:obsidian":19,"minecraft:cod":12,"minecraft:blaze_powder":1,"minecraft:cobblestone":698,"minecraft:enchanting_table":1,"relics:roller_skates":4,"minecraft:leather_chestplate":2,"minecraft:andesite":148,"minecraft:black_bed":3,"minecraft:potato":462,"create:belt_connector":5,"minecraft:tuff":54,"create:raw_zinc":112,"supplementaries:flax_seeds":2,"minecraft:lapis_lazuli":209,"minecraft:dirt":270,"minecraft:name_tag":6,"minecraft:bone":183,"wandering_bags:forbidden_spell":1,"minecraft:bow":3,"minecraft:wheat_seeds":21,"minecraft:raw_gold":28,"create_new_age:magnetite_block":3,"minecraft:grindstone":1,"minecraft:mossy_stone_bricks":3,"minecraft:bamboo":4,"minecraft:powered_rail":11,"minecraft:oak_planks":103,"minecraft:stone_hoe":3,"exoticbirds:gull_egg":2,"create:cogwheel":7,"minecraft:poisonous_potato":7,"minecraft:sand":8,"exoticbirds:mystery_egg":1,"farmersdelight:ham":1,"sons_of_sins:flesh_of_demise":2,"minecraft:mossy_cobblestone":2,"minecraft:sugar":12,"minecraft:diamond":4,"waystones:waystone":2,"minecraft:crossbow":1,"minecraft:grass":9,"minecraft:bone_meal":5,"minecraft:golden_apple":3,"minecraft:emerald":86,"minecraft:oak_sapling":77,"minecraft:netherrack":21,"minecraft:andesite_slab":1,"minecraft:oak_leaves":132,"born_in_chaos_v1:diamond_termite_shard":3,"create_new_age:thorium":204,"minecraft:allium":5,"minecraft:ladder":2,"minecraft:rabbit_stew":2,"minecraft:chain":5,"minecraft:shield":4,"immersive_aircraft:biplane":1,"minecraft:iron_axe":2,"minecraft:wooden_sword":1,"minecraft:item_frame":2,"minecraft:blue_orchid":1,"minecraft:sugar_cane":8,"minecraft:spruce_trapdoor":1,"minecraft:raw_iron":123,"iceandfire:dragonbone":6,"twilightforest:twilight_oak_chest":2,"ecologics:coconut_slice":14,"minecraft:copper_ingot":24,"minecraft:note_block":16,"minecraft:iron_horse_armor":1,"create:zinc_ingot":4,"minecraft:dark_oak_planks":1,"minecraft:arrow":61,"artifacts:cross_necklace":1,"minecraft:saddle":2,"domesticationinnovation:collar_tag":1,"minecraft:skeleton_skull":3,"born_in_chaos_v1:fused_bone":7,"born_in_chaos_v1:corpse_maggot":47,"minecraft:glow_ink_sac":1,"minecraft:golden_carrot":1,"samurai_dynasty:ruby":13,"minecraft:leather":2,"simplyswords:iron_claymore":1,"create:andesite_alloy":67,"iceandfire:ectoplasm":1,"farlanders:looter_hood":2,"minecraft:cobblestone_wall":10,"minecraft:gunpowder":62,"minecraft:red_carpet":40,"minecraft:iron_ingot":124,"minecraft:book":62,"minecraft:tropical_fish_bucket":1,"minecraft:oak_slab":3,"create:large_water_wheel":1,"minecraft:stone_brick_slab":5,"minecraft:quartz":27,"minecraft:dandelion":3,"minecraft:raw_iron_block":4,"born_in_chaos_v1:dark_rod":2,"minecraft:white_bed":2,"simplyswords:gold_rapier":1,"minecraft:spider_eye":18,"create:electron_tube":8,"evilcraft:dark_gem":45,"minecraft:iron_helmet":2,"the_bumblezone:pollen_puff":1,"domesticationinnovation:drum":1,"minecraft:damaged_anvil":5,"minecraft:coal":56},"minecraft:killed":{"born_in_chaos_v1:restless_spirit":2,"born_in_chaos_v1:zombie_lumberjack":3,"born_in_chaos_v1:skeleton_demoman":1,"born_in_chaos_v1:siamese_skeletonsright":1,"minecraft:skeleton":13,"minecraft:pillager":1,"minecraft:zombie":4,"born_in_chaos_v1:corpse_fly":18,"enemyexpansion:botfly":3,"iceandfire:cyclops":1,"enemyexpansion:sprinter":1,"born_in_chaos_v1:decrepit_skeleton":5,"evilcraft:poisonous_libelle":1,"iceandfire:ghost":4,"born_in_chaos_v1:zombie_clown":2,"minecraft:zombified_piglin":46,"minecraft:spider":11,"born_in_chaos_v1:bonescaller":1,"minecraft:pig":1,"minecraft:zombie_villager":2,"minecraft:creeper":7,"alexsmobs:fly":3,"minecraft:blaze":1,"born_in_chaos_v1:siamese_skeletonsleft":1,"samurai_dynasty:onibi":1,"enemyexpansion:direwolf":4,"born_in_chaos_v1:zombie_bruiser":1,"born_in_chaos_v1:maggot":21,"alexsmobs:bison":1,"farlanders:looter":3,"born_in_chaos_v1:baby_skeleton":3,"born_in_chaos_v1:swarmer":1,"sons_of_sins:betrayed_guzzler":1,"enemyexpansion:huntsman":1}},"DataVersion":3465}