{"stats":{"minecraft:picked_up":{"biomesoplenty:lavender":2,"minecraft:stick":1,"minecraft:bee_nest":1,"minecraft:ladder":1,"minecraft:oak_log":10,"biomesoplenty:flowering_oak_sapling":1,"biomesoplenty:jacaranda_log":3,"minecraft:wheat_seeds":1,"supplementaries:ash":1,"minecraft:oak_sapling":4,"minecraft:spruce_trapdoor":2,"minecraft:cobblestone":10},"minecraft:crafted":{"minecraft:oak_planks":20,"biomesoplenty:jacaranda_planks":4,"minecraft:crafting_table":1,"minecraft:stick":8,"minecraft:wooden_pickaxe":1,"minecraft:stone_pickaxe":1},"minecraft:mined":{"biomesoplenty:jacaranda_log":3,"minecraft:spruce_trapdoor":2,"minecraft:ladder":1,"minecraft:grass":4,"minecraft:oak_log":10,"minecraft:stone":10},"minecraft:custom":{"minecraft:time_since_rest":70463,"minecraft:sprint_one_cm":80040,"minecraft:damage_taken":50,"minecraft:walk_one_cm":65857,"minecraft:drop":1,"minecraft:swim_one_cm":2137,"minecraft:interact_with_crafting_table":2,"minecraft:fly_one_cm":815607,"minecraft:open_barrel":3,"minecraft:open_chest":17,"minecraft:crouch_one_cm":4841,"minecraft:play_time":70463,"minecraft:sneak_time":1718,"minecraft:walk_under_water_one_cm":8139,"minecraft:jump":567,"minecraft:leave_game":2,"minecraft:walk_on_water_one_cm":2297,"minecraft:time_since_death":70463,"minecraft:climb_one_cm":609,"minecraft:total_world_time":70463,"minecraft:fall_one_cm":7311},"minecraft:used":{"minecraft:oak_log":6,"minecraft:stone_pickaxe":6,"minecraft:ladder":1,"minecraft:pig_spawn_egg":7,"minecraft:wooden_pickaxe":6,"minecraft:stone":10,"minecraft:spruce_trapdoor":2,"evilcraft:box_of_eternal_closure":1,"biomesoplenty:flowering_oak_sapling":1,"biomesoplenty:jacaranda_log":3,"supplementaries:bomb_blue":1,"minecraft:bee_spawn_egg":4,"minecraft:golden_carrot":2,"minecraft:crafting_table":1,"minecraft:bee_nest":1,"minecraft:bone_meal":27,"exoticbirds:swan_spawn_egg":3},"minecraft:dropped":{"minecraft:wheat_seeds":1}},"DataVersion":3465}