{"stats":{"minecraft:dropped":{"minecraft:iron_ingot":13,"iceandfire:raw_silver":6,"born_in_chaos_v1:shattered_skull":1,"minecraft:wheat_seeds":3,"minecraft:lapis_lazuli":140,"minecraft:leather":2,"born_in_chaos_v1:pieceofdarkmetal":2,"minecraft:coal":13,"minecraft:cobweb":9,"minecraft:dirt":1,"minecraft:red_bed":1,"minecraft:string":7,"create:raw_zinc":8,"minecraft:gold_ingot":2,"minecraft:bone":25,"create_new_age:thorium":60,"minecraft:stone_sword":1,"minecraft:raw_copper":66,"minecraft:raw_iron":59,"sophisticatedbackpacks:backpack":1,"supplementaries:antique_ink":3,"supplementaries:ash":31,"minecraft:potato":36,"minecraft:gunpowder":12,"born_in_chaos_v1:corpse_maggot":2,"samurai_dynasty:jade":6,"minecraft:raw_gold":5,"samurai_dynasty:raw_silver":14},"minecraft:used":{"minecraft:stone_sword":10,"minecraft:shield":34,"minecraft:iron_sword":12,"minecraft:iron_chestplate":1,"create:cogwheel":1,"minecraft:iron_axe":33,"minecraft:iron_helmet":1,"minecraft:iron_boots":1,"minecraft:sweet_berries":8,"create:shaft":2,"minecraft:oak_sapling":16,"create:belt_connector":4,"minecraft:stone_pickaxe":68,"useless_sword:coal_sword":15,"minecraft:wooden_pickaxe":47,"minecraft:crafting_table":1,"minecraft:black_bed":1,"minecraft:diamond_pickaxe":13,"minecraft:apple":5,"minecraft:dark_oak_log":1,"minecraft:zombie_head":1,"minecraft:bread":3,"minecraft:iron_pickaxe":66,"minecraft:stone_axe":2,"minecraft:dark_oak_fence":1,"minecraft:pumpkin_pie":2,"alexsmobs:animal_dictionary":1,"biomesoplenty:fir_log":6,"minecraft:bone_meal":24,"create:large_cogwheel":1,"minecraft:cobweb":8,"minecraft:chainmail_leggings":1},"minecraft:mined":{"iceandfire:silver_ore":1,"create:andesite_casing":6,"minecraft:dark_oak_fence":1,"biomesoplenty:bush":1,"minecraft:grass_block":1,"create:large_cogwheel":1,"create_new_age:thorium_ore":4,"minecraft:kelp":6,"create:belt":1,"minecraft:tall_seagrass":3,"minecraft:raw_iron_block":4,"create:shaft":1,"minecraft:iron_ore":5,"minecraft:andesite":45,"biomesoplenty:high_grass":2,"minecraft:lantern":1,"minecraft:stone":91,"create:cogwheel":1,"minecraft:kelp_plant":29,"minecraft:smoker":1,"biomesoplenty:high_grass_plant":2,"minecraft:copper_ore":6,"minecraft:sweet_berry_bush":1,"minecraft:black_bed":2,"biomesoplenty:fir_log":10,"minecraft:grass":25,"minecraft:coal_ore":27,"minecraft:oak_log":25,"biomesoplenty:fir_leaves":2,"minecraft:cobweb":8,"minecraft:oak_leaves":1},"minecraft:picked_up":{"create_new_age:thorium":12,"minecraft:string":8,"minecraft:red_bed":1,"minecraft:raw_copper":21,"delightful:acorn":2,"minecraft:beef":2,"delightful:green_tea_leaf":3,"minecraft:stick":2,"minecraft:raw_iron":5,"create:andesite_casing":6,"minecraft:porkchop":1,"create:large_cogwheel":1,"alexsdelight:raw_bison":2,"minecraft:cobblestone":72,"minecraft:andesite":45,"minecraft:leather":2,"minecraft:black_bed":2,"minecraft:smoker":1,"alexsmobs:bison_fur":2,"biomesoplenty:fir_log":19,"create:belt_connector":1,"minecraft:oak_log":25,"minecraft:dirt":1,"minecraft:apple":1,"minecraft:stone_bricks":1,"minecraft:kelp":138,"minecraft:wheat_seeds":3,"create:shaft":2,"minecraft:sweet_berries":9,"create:cogwheel":1,"minecraft:raw_iron_block":4,"exoticbirds:mystery_egg":1,"minecraft:spider_eye":1,"alexsmobs:maggot":2,"minecraft:oak_sapling":15,"iceandfire:raw_silver":1,"minecraft:dark_oak_fence":1,"minecraft:coal":27},"minecraft:crafted":{"minecraft:raw_iron":36,"minecraft:iron_nugget":45,"immersive_aircraft:sail":1,"minecraft:bone_meal":24,"minecraft:white_carpet":6,"minecraft:stone_pickaxe":1,"minecraft:dark_oak_planks":4,"create:cogwheel":3,"create:belt_connector":5,"create:andesite_alloy":30,"sophisticatedbackpacks:backpack":1,"minecraft:crafting_table":1,"minecraft:dried_kelp":40,"minecraft:wooden_pickaxe":1,"create:piston_extension_pole":24,"minecraft:stone_axe":1,"minecraft:air":0,"aether:iron_gloves":1,"biomesoplenty:fir_planks":52,"minecraft:white_wool":4,"minecraft:shield":1,"minecraft:stick":8,"minecraft:iron_ingot":17,"minecraft:stone_sword":1,"create:large_cogwheel":1,"create:shaft":48},"minecraft:custom":{"minecraft:mob_kills":6,"minecraft:interact_with_crafting_table":38,"minecraft:open_barrel":2,"minecraft:damage_dealt_resisted":12,"minecraft:eat_cake_slice":2,"minecraft:leave_game":2,"minecraft:time_since_death":40521,"minecraft:climb_one_cm":773,"minecraft:sprint_one_cm":172933,"minecraft:walk_one_cm":271601,"minecraft:damage_blocked_by_shield":300,"minecraft:drop":34,"minecraft:talked_to_villager":2,"minecraft:play_time":81367,"minecraft:deaths":2,"minecraft:sneak_time":4831,"minecraft:walk_under_water_one_cm":7597,"minecraft:jump":981,"minecraft:interact_with_blast_furnace":4,"minecraft:walk_on_water_one_cm":18783,"minecraft:total_world_time":81367,"minecraft:interact_with_furnace":35,"minecraft:sleep_in_bed":5,"minecraft:time_since_rest":9259,"minecraft:damage_taken":819,"minecraft:damage_dealt":748,"minecraft:swim_one_cm":43785,"minecraft:fly_one_cm":160995,"minecraft:open_chest":89,"minecraft:crouch_one_cm":23467,"minecraft:interact_with_smoker":1,"minecraft:fall_one_cm":23348},"minecraft:killed":{"minecraft:spider":1,"alexsmobs:bison":1,"minecraft:pig":1,"enemyexpansion:botfly":1,"alexsmobs:fly":2},"minecraft:broken":{"minecraft:iron_pickaxe":1}},"DataVersion":3465}