{"stats":{"minecraft:picked_up":{"create_new_age:thorium":12,"minecraft:ladder":2,"minecraft:chain":1,"immersive_aircraft:biplane":1,"minecraft:iron_axe":2,"minecraft:string":8,"minecraft:red_bed":1,"minecraft:raw_copper":21,"born_in_chaos_v1:intoxicating_decoction":1,"minecraft:gold_nugget":20,"minecraft:cobbled_deepslate":2,"delightful:acorn":2,"minecraft:beef":2,"minecraft:spruce_slab":2,"delightful:green_tea_leaf":3,"minecraft:sugar_cane":4,"minecraft:chest":3,"minecraft:iron_boots":1,"minecraft:stick":2,"minecraft:raw_iron":5,"minecraft:glow_item_frame":2,"minecraft:oak_fence":1,"minecraft:torch":10,"create:andesite_casing":6,"minecraft:note_block":8,"minecraft:porkchop":4,"minecraft:golden_axe":1,"minecraft:dark_oak_planks":1,"create:large_cogwheel":1,"samurai_dynasty:spirit_flame":1,"minecraft:arrow":14,"minecraft:rotten_flesh":13,"minecraft:shears":1,"alexsdelight:raw_bison":2,"artifacts:cross_necklace":1,"minecraft:gold_ingot":2,"supplementaries:ash":1,"minecraft:iron_bars":1,"minecraft:white_wool":4,"minecraft:cobblestone":331,"minecraft:birch_log":1,"born_in_chaos_v1:corpse_maggot":19,"born_in_chaos_v1:staffof_magic_arrows":1,"create:iron_sheet":4,"relics:roller_skates":2,"born_in_chaos_v1:spiritual_dust":1,"minecraft:stripped_spruce_wood":14,"minecraft:andesite":45,"minecraft:black_bed":2,"minecraft:leather":2,"minecraft:smoker":1,"minecraft:potato":11,"biomesoplenty:fir_log":19,"alexsmobs:bison_fur":2,"create:belt_connector":1,"blue_skies:trough":2,"minecraft:oak_log":25,"farlanders:looter_hood":1,"minecraft:cobblestone_wall":2,"minecraft:gunpowder":7,"farmersdelight:tomato":15,"minecraft:dirt":10,"biomesoplenty:bush":6,"minecraft:red_carpet":20,"minecraft:bone":16,"minecraft:apple":1,"minecraft:stone_bricks":1,"minecraft:kelp":138,"minecraft:bow":1,"minecraft:wheat_seeds":3,"minecraft:grindstone":1,"minecraft:iron_ingot":21,"create:shaft":3,"minecraft:iron_sword":1,"minecraft:oak_planks":15,"exoticbirds:gull_egg":1,"minecraft:book":24,"minecraft:oak_slab":1,"minecraft:dark_oak_slab":8,"create:large_water_wheel":1,"minecraft:sweet_berries":12,"create:cogwheel":1,"minecraft:red_wool":4,"born_in_chaos_v1:ethereal_spirit":3,"minecraft:poisonous_potato":2,"minecraft:raw_iron_block":4,"minecraft:sand":5,"exoticbirds:mystery_egg":1,"minecraft:barrel":2,"minecraft:spider_eye":1,"sons_of_sins:flesh_of_demise":2,"minecraft:grass":3,"minecraft:bread":18,"minecraft:golden_horse_armor":1,"alexsmobs:maggot":4,"minecraft:oak_sapling":15,"minecraft:dark_oak_fence":1,"minecraft:coal":28,"minecraft:oak_leaves":3,"iceandfire:raw_silver":1},"minecraft:used":{"minecraft:stone_sword":10,"minecraft:shield":34,"minecraft:iron_sword":154,"minecraft:rotten_flesh":2,"minecraft:iron_chestplate":1,"minecraft:torch":10,"minecraft:dirt":3,"create:cogwheel":7,"born_in_chaos_v1:corpse_maggot":7,"alexsmobs:maggot":2,"farmersdelight:tomato":1,"minecraft:iron_axe":150,"minecraft:iron_helmet":1,"minecraft:iron_boots":1,"minecraft:bow":4,"create:shaft":5,"minecraft:sweet_berries":11,"minecraft:oak_sapling":16,"immersive_aircraft:biplane":2,"minecraft:potato":18,"blue_skies:trough":2,"minecraft:golden_axe":4,"create:belt_connector":6,"minecraft:water_bucket":5,"farlanders:looter_hood":1,"minecraft:baked_potato":24,"minecraft:stone_pickaxe":68,"useless_sword:coal_sword":15,"minecraft:wooden_pickaxe":47,"minecraft:sugar_cane":1,"animal_feeding_trough:feeding_trough":2,"farmersdelight:onion":1,"minecraft:oak_slab":1,"minecraft:crafting_table":3,"farmersdelight:cod_roll":1,"minecraft:black_bed":1,"relics:horse_flute":2,"minecraft:diamond_pickaxe":371,"minecraft:apple":5,"create:mechanical_press":1,"minecraft:dark_oak_log":1,"minecraft:zombie_head":1,"minecraft:bread":30,"minecraft:iron_pickaxe":66,"born_in_chaos_v1:staffof_magic_arrows":5,"create:large_water_wheel":1,"minecraft:stone_axe":2,"sons_of_sins:flesh_of_demise":2,"minecraft:cobblestone":97,"minecraft:dark_oak_fence":1,"minecraft:bucket":4,"minecraft:birch_log":1,"minecraft:pumpkin_pie":11,"alexsmobs:animal_dictionary":1,"biomesoplenty:fir_log":6,"minecraft:cobweb":8,"minecraft:bone_meal":30,"create:large_cogwheel":4,"minecraft:chainmail_leggings":1},"minecraft:killed":{"born_in_chaos_v1:zombie_clown":1,"minecraft:zombified_piglin":46,"born_in_chaos_v1:zombie_lumberjack":1,"minecraft:spider":1,"samurai_dynasty:onibi":1,"enemyexpansion:direwolf":3,"born_in_chaos_v1:maggot":16,"minecraft:skeleton":5,"alexsmobs:bison":1,"born_in_chaos_v1:bonescaller":1,"minecraft:pig":1,"farlanders:looter":2,"minecraft:zombie_villager":2,"born_in_chaos_v1:baby_skeleton":2,"born_in_chaos_v1:swarmer":1,"minecraft:creeper":4,"born_in_chaos_v1:decrepit_skeleton":2,"evilcraft:poisonous_libelle":1,"sons_of_sins:betrayed_guzzler":1,"minecraft:zombie":1,"born_in_chaos_v1:corpse_fly":14,"enemyexpansion:botfly":3,"alexsmobs:fly":3},"minecraft:broken":{"minecraft:chainmail_leggings":1,"minecraft:iron_boots":1,"minecraft:iron_chestplate":1,"aether:iron_gloves":1,"minecraft:golden_axe":1,"minecraft:iron_axe":1,"minecraft:iron_sword":1,"minecraft:iron_pickaxe":1,"minecraft:iron_helmet":1},"minecraft:custom":{"minecraft:mob_kills":116,"minecraft:interact_with_crafting_table":69,"minecraft:open_barrel":10,"minecraft:fill_cauldron":1,"minecraft:damage_dealt_resisted":248,"minecraft:eat_cake_slice":6,"minecraft:leave_game":3,"minecraft:time_since_death":47200,"minecraft:climb_one_cm":7417,"minecraft:sprint_one_cm":491094,"minecraft:walk_one_cm":563527,"minecraft:damage_blocked_by_shield":300,"minecraft:drop":59,"minecraft:play_noteblock":9,"minecraft:talked_to_villager":6,"minecraft:play_time":200037,"minecraft:deaths":3,"minecraft:sneak_time":14461,"minecraft:walk_under_water_one_cm":11826,"minecraft:jump":2289,"minecraft:interact_with_blast_furnace":4,"minecraft:walk_on_water_one_cm":24917,"minecraft:total_world_time":200037,"minecraft:interact_with_furnace":73,"minecraft:tune_noteblock":1,"minecraft:sleep_in_bed":14,"minecraft:time_since_rest":17868,"minecraft:waystone_activated":1,"minecraft:damage_taken":4571,"minecraft:damage_dealt":15020,"minecraft:swim_one_cm":85181,"minecraft:fly_one_cm":425155,"minecraft:open_chest":149,"minecraft:crouch_one_cm":57107,"minecraft:interact_with_smoker":1,"minecraft:fall_one_cm":63034,"minecraft:use_cauldron":1},"minecraft:crafted":{"immersive_aircraft:engine":1,"minecraft:smooth_stone":4,"minecraft:oak_planks":40,"minecraft:raw_iron":36,"minecraft:iron_nugget":45,"immersive_aircraft:sail":1,"minecraft:furnace":2,"minecraft:blast_furnace":1,"immersive_aircraft:biplane":1,"minecraft:piston":2,"minecraft:stone":4,"minecraft:bone_meal":30,"minecraft:white_carpet":6,"create:mechanical_press":1,"immersive_aircraft:hull":3,"minecraft:stone_pickaxe":1,"blue_skies:trough":2,"minecraft:dark_oak_planks":4,"create:cogwheel":3,"create:belt_connector":5,"minecraft:oak_slab":12,"create:andesite_alloy":30,"sophisticatedbackpacks:backpack":1,"immersive_aircraft:boiler":1,"minecraft:crafting_table":3,"minecraft:dried_kelp":56,"minecraft:wooden_pickaxe":1,"create:piston_extension_pole":24,"minecraft:iron_sword":1,"minecraft:copper_ingot":15,"create:sand_paper":1,"minecraft:stone_axe":1,"immersive_aircraft:propeller":1,"minecraft:air":0,"aether:iron_gloves":1,"biomesoplenty:fir_planks":52,"minecraft:white_wool":4,"minecraft:paper":3,"minecraft:shield":1,"minecraft:stick":12,"minecraft:iron_ingot":32,"minecraft:iron_block":1,"minecraft:stone_sword":1,"create:large_cogwheel":3,"create:shaft":48,"minecraft:shears":1},"minecraft:dropped":{"minecraft:iron_ingot":18,"minecraft:bread":1,"born_in_chaos_v1:intoxicating_decoction":1,"iceandfire:raw_silver":6,"born_in_chaos_v1:shattered_skull":1,"minecraft:wheat_seeds":3,"minecraft:lapis_lazuli":140,"minecraft:poisonous_potato":2,"minecraft:leather":2,"samurai_dynasty:spirit_flame":1,"born_in_chaos_v1:pieceofdarkmetal":2,"minecraft:coal":13,"minecraft:cobweb":9,"minecraft:dirt":4,"minecraft:red_bed":1,"relics:roller_skates":1,"blue_skies:trough":1,"minecraft:gold_nugget":10,"minecraft:string":7,"create:raw_zinc":8,"minecraft:gold_ingot":2,"minecraft:bone":25,"create_new_age:thorium":60,"minecraft:cobbled_deepslate":1,"minecraft:stone_sword":1,"minecraft:raw_copper":66,"minecraft:raw_iron":59,"sophisticatedbackpacks:backpack":1,"minecraft:shears":1,"supplementaries:antique_ink":3,"supplementaries:ash":31,"minecraft:potato":38,"minecraft:gunpowder":12,"minecraft:ladder":2,"born_in_chaos_v1:corpse_maggot":2,"samurai_dynasty:jade":6,"minecraft:iron_bars":1,"biomesoplenty:bush":3,"minecraft:raw_gold":5,"samurai_dynasty:raw_silver":14,"minecraft:oak_leaves":2},"minecraft:mined":{"minecraft:red_carpet":21,"blue_skies:trough":1,"iceandfire:silver_ore":1,"create:andesite_casing":6,"minecraft:ladder":2,"minecraft:dark_oak_fence":1,"biomesoplenty:bush":6,"minecraft:grass_block":5,"create:large_cogwheel":1,"create_new_age:thorium_ore":4,"create:belt":1,"minecraft:kelp":6,"minecraft:tall_seagrass":3,"minecraft:raw_iron_block":4,"create:shaft":2,"minecraft:iron_ore":5,"minecraft:barrel":2,"minecraft:andesite":45,"minecraft:bookshelf":7,"minecraft:potatoes":2,"biomesoplenty:high_grass":2,"minecraft:iron_bars":2,"minecraft:lantern":1,"biomesoplenty:barley":1,"minecraft:stone":360,"minecraft:spruce_slab":2,"create:cogwheel":1,"minecraft:red_wool":4,"minecraft:kelp_plant":29,"minecraft:smoker":1,"minecraft:oak_fence":1,"minecraft:torch":2,"minecraft:note_block":8,"minecraft:chest":3,"biomesoplenty:high_grass_plant":2,"minecraft:copper_ore":6,"minecraft:cobblestone":13,"minecraft:oak_planks":10,"minecraft:sugar_cane":1,"create:water_wheel_structure":1,"minecraft:chain":1,"minecraft:stripped_spruce_wood":5,"minecraft:sweet_berry_bush":1,"minecraft:black_bed":2,"biomesoplenty:fir_log":10,"minecraft:grass":32,"minecraft:oak_log":25,"minecraft:coal_ore":28,"biomesoplenty:fir_leaves":2,"minecraft:sand":5,"minecraft:dirt":4,"minecraft:cobweb":9,"minecraft:oak_leaves":1}},"DataVersion":3465}