{"stats":{"minecraft:killed":{"minecraft:pig":1,"alexsmobs:bison":1,"alexsmobs:fly":2},"minecraft:crafted":{"minecraft:raw_iron":18,"minecraft:crafting_table":1,"minecraft:wooden_pickaxe":1,"minecraft:stone_axe":1,"minecraft:air":0,"aether:iron_gloves":1,"biomesoplenty:fir_planks":52,"minecraft:shield":1,"minecraft:stick":8,"minecraft:iron_ingot":8,"minecraft:stone_pickaxe":1,"minecraft:stone_sword":1,"minecraft:dark_oak_planks":4},"minecraft:dropped":{"minecraft:iron_ingot":4,"minecraft:wheat_seeds":3,"minecraft:stone_sword":1,"minecraft:dirt":1,"minecraft:red_bed":1},"minecraft:custom":{"minecraft:interact_with_furnace":14,"minecraft:mob_kills":4,"minecraft:interact_with_crafting_table":14,"minecraft:open_barrel":2,"minecraft:damage_dealt_resisted":12,"minecraft:eat_cake_slice":2,"minecraft:leave_game":2,"minecraft:time_since_death":4932,"minecraft:sleep_in_bed":3,"minecraft:climb_one_cm":321,"minecraft:time_since_rest":779,"minecraft:sprint_one_cm":84495,"minecraft:damage_taken":650,"minecraft:walk_one_cm":199443,"minecraft:damage_blocked_by_shield":300,"minecraft:drop":7,"minecraft:damage_dealt":578,"minecraft:swim_one_cm":8691,"minecraft:talked_to_villager":2,"minecraft:fly_one_cm":83195,"minecraft:open_chest":13,"minecraft:crouch_one_cm":18049,"minecraft:play_time":45778,"minecraft:deaths":2,"minecraft:sneak_time":3659,"minecraft:walk_under_water_one_cm":7155,"minecraft:jump":705,"minecraft:interact_with_blast_furnace":3,"minecraft:walk_on_water_one_cm":15926,"minecraft:interact_with_smoker":1,"minecraft:total_world_time":45778,"minecraft:fall_one_cm":15902},"minecraft:used":{"minecraft:stone_sword":10,"minecraft:stone_pickaxe":68,"useless_sword:coal_sword":15,"minecraft:wooden_pickaxe":47,"minecraft:shield":34,"minecraft:iron_chestplate":1,"minecraft:crafting_table":1,"minecraft:black_bed":1,"minecraft:apple":4,"minecraft:dark_oak_log":1,"minecraft:bread":3,"minecraft:iron_helmet":1,"minecraft:iron_boots":1,"minecraft:stone_axe":2,"minecraft:dark_oak_fence":1,"alexsmobs:animal_dictionary":1,"minecraft:chainmail_leggings":1},"minecraft:mined":{"iceandfire:silver_ore":1,"minecraft:smoker":1,"minecraft:dark_oak_fence":1,"minecraft:grass_block":1,"create_new_age:thorium_ore":4,"biomesoplenty:high_grass_plant":2,"minecraft:copper_ore":4,"minecraft:raw_iron_block":2,"minecraft:iron_ore":5,"minecraft:black_bed":2,"biomesoplenty:fir_log":10,"minecraft:grass":22,"minecraft:coal_ore":27,"biomesoplenty:high_grass":2,"biomesoplenty:fir_leaves":2,"minecraft:lantern":1,"minecraft:stone":70},"minecraft:picked_up":{"create_new_age:thorium":12,"minecraft:leather":2,"minecraft:black_bed":2,"minecraft:smoker":1,"alexsmobs:bison_fur":2,"biomesoplenty:fir_log":13,"minecraft:dirt":1,"minecraft:red_bed":1,"minecraft:raw_copper":13,"minecraft:wheat_seeds":3,"minecraft:beef":2,"delightful:green_tea_leaf":1,"minecraft:stick":2,"minecraft:raw_iron":5,"minecraft:raw_iron_block":2,"minecraft:porkchop":1,"exoticbirds:mystery_egg":1,"alexsdelight:raw_bison":2,"alexsmobs:maggot":2,"minecraft:dark_oak_fence":1,"minecraft:coal":27,"iceandfire:raw_silver":1,"minecraft:cobblestone":69}},"DataVersion":3465}