{"stats":{"minecraft:custom":{"minecraft:interact_with_crafting_table":73,"minecraft:open_barrel":10,"minecraft:eat_cake_slice":6,"minecraft:leave_game":3,"minecraft:time_since_death":99788,"minecraft:sprint_one_cm":679760,"minecraft:damage_blocked_by_shield":300,"minecraft:drop":73,"minecraft:play_noteblock":9,"minecraft:talked_to_villager":7,"minecraft:play_time":252625,"minecraft:deaths":3,"minecraft:jump":2834,"minecraft:walk_on_water_one_cm":26224,"minecraft:interact_with_furnace":76,"minecraft:sleep_in_bed":18,"minecraft:waystone_activated":1,"minecraft:damage_dealt":16908,"minecraft:crouch_one_cm":64420,"minecraft:interact_with_smoker":1,"minecraft:use_cauldron":1,"minecraft:horse_one_cm":1269,"minecraft:mob_kills":126,"minecraft:interact_with_anvil":3,"minecraft:fill_cauldron":1,"minecraft:damage_dealt_resisted":248,"minecraft:climb_one_cm":9334,"minecraft:walk_one_cm":721678,"minecraft:sneak_time":16465,"minecraft:walk_under_water_one_cm":12979,"minecraft:interact_with_blast_furnace":6,"minecraft:total_world_time":252625,"minecraft:tune_noteblock":1,"minecraft:interact_with_grindstone":2,"minecraft:time_since_rest":1601,"minecraft:damage_taken":5330,"minecraft:swim_one_cm":85181,"minecraft:fly_one_cm":545214,"minecraft:open_chest":199,"minecraft:fall_one_cm":78518},"minecraft:picked_up":{"minecraft:anvil":3,"minecraft:lead":2,"minecraft:enchanted_book":2,"minecraft:string":8,"minecraft:soul_soil":1,"minecraft:raw_copper":21,"create:sand_paper":1,"minecraft:gold_nugget":20,"minecraft:cobbled_deepslate":2,"delightful:acorn":2,"delightful:green_tea_leaf":3,"minecraft:iron_boots":1,"minecraft:stick":2,"minecraft:oak_fence":2,"minecraft:torch":11,"create:andesite_casing":6,"minecraft:porkchop":4,"minecraft:golden_axe":1,"create:large_cogwheel":1,"minecraft:rotten_flesh":19,"biomesoplenty:rose_quartz_chunk":9,"relics:horse_flute":4,"alexsdelight:raw_bison":2,"supplementaries:ash":2,"minecraft:obsidian":1,"minecraft:iron_bars":1,"minecraft:cobblestone":342,"minecraft:birch_log":1,"born_in_chaos_v1:staffof_magic_arrows":1,"relics:roller_skates":2,"born_in_chaos_v1:spiritual_dust":1,"minecraft:andesite":45,"minecraft:black_bed":2,"minecraft:smoker":1,"minecraft:potato":11,"alexsmobs:bison_fur":2,"biomesoplenty:fir_log":19,"create:belt_connector":1,"blue_skies:trough":2,"minecraft:stripped_spruce_wood":14,"farmersdelight:tomato":15,"minecraft:dirt":67,"biomesoplenty:bush":6,"minecraft:bone":22,"minecraft:chipped_anvil":4,"minecraft:bow":1,"minecraft:wheat_seeds":3,"minecraft:grindstone":1,"fishofthieves:earthworms":7,"create:shaft":3,"minecraft:oak_planks":15,"exoticbirds:gull_egg":1,"create:cogwheel":1,"minecraft:poisonous_potato":2,"minecraft:sand":5,"exoticbirds:mystery_egg":1,"minecraft:barrel":2,"sons_of_sins:flesh_of_demise":2,"minecraft:granite":2,"minecraft:grass":3,"minecraft:bread":18,"minecraft:golden_horse_armor":1,"alexsmobs:maggot":4,"minecraft:oak_sapling":15,"iceandfire:raw_silver":1,"minecraft:netherrack":11,"minecraft:dark_oak_fence":1,"minecraft:oak_leaves":3,"minecraft:diamond_pickaxe":1,"minecraft:coarse_dirt":3,"create_new_age:thorium":12,"minecraft:ladder":2,"minecraft:chain":1,"immersive_aircraft:biplane":1,"minecraft:red_bed":1,"minecraft:iron_axe":2,"born_in_chaos_v1:intoxicating_decoction":4,"minecraft:cracked_stone_bricks":1,"minecraft:beef":2,"minecraft:spruce_slab":2,"minecraft:sugar_cane":4,"minecraft:chest":3,"create:polished_rose_quartz":1,"minecraft:raw_iron":5,"minecraft:glow_item_frame":2,"minecraft:note_block":8,"minecraft:dark_oak_planks":1,"samurai_dynasty:spirit_flame":1,"minecraft:arrow":20,"minecraft:shears":1,"artifacts:cross_necklace":1,"minecraft:gold_ingot":2,"minecraft:white_wool":4,"minecraft:bone_block":24,"born_in_chaos_v1:fused_bone":2,"born_in_chaos_v1:corpse_maggot":20,"create:iron_sheet":4,"minecraft:leather":2,"minecraft:oak_log":27,"farlanders:looter_hood":1,"minecraft:gunpowder":7,"minecraft:cobblestone_wall":2,"minecraft:red_carpet":20,"minecraft:apple":1,"minecraft:stone_bricks":1,"minecraft:kelp":138,"minecraft:iron_ingot":21,"minecraft:iron_sword":1,"minecraft:book":24,"minecraft:oak_slab":1,"exoticbirds:swan_egg":1,"minecraft:dark_oak_slab":8,"create:large_water_wheel":1,"minecraft:sweet_berries":12,"minecraft:quartz":9,"minecraft:red_wool":4,"born_in_chaos_v1:ethereal_spirit":4,"minecraft:raw_iron_block":4,"minecraft:spider_eye":1,"minecraft:damaged_anvil":1,"minecraft:coal":28},"minecraft:killed":{"born_in_chaos_v1:zombie_clown":2,"minecraft:zombified_piglin":46,"born_in_chaos_v1:restless_spirit":1,"born_in_chaos_v1:zombie_lumberjack":1,"minecraft:spider":1,"born_in_chaos_v1:siamese_skeletonsright":1,"minecraft:skeleton":8,"born_in_chaos_v1:bonescaller":1,"minecraft:pig":1,"minecraft:zombie_villager":2,"minecraft:creeper":4,"minecraft:zombie":1,"born_in_chaos_v1:corpse_fly":14,"enemyexpansion:botfly":3,"alexsmobs:fly":3,"born_in_chaos_v1:siamese_skeletonsleft":1,"samurai_dynasty:onibi":1,"enemyexpansion:direwolf":3,"born_in_chaos_v1:zombie_bruiser":1,"born_in_chaos_v1:maggot":18,"alexsmobs:bison":1,"farlanders:looter":2,"born_in_chaos_v1:baby_skeleton":2,"born_in_chaos_v1:swarmer":1,"born_in_chaos_v1:decrepit_skeleton":2,"evilcraft:poisonous_libelle":1,"sons_of_sins:betrayed_guzzler":1},"minecraft:dropped":{"iceandfire:raw_silver":6,"minecraft:lapis_lazuli":140,"minecraft:leather":2,"biomesoplenty:rose_quartz_chunk":9,"samurai_dynasty:spirit_flame":1,"relics:horse_flute":4,"born_in_chaos_v1:pieceofdarkmetal":2,"minecraft:dirt":4,"minecraft:red_bed":1,"blue_skies:trough":1,"minecraft:gold_nugget":10,"minecraft:gold_ingot":2,"minecraft:bone":25,"create_new_age:thorium":60,"minecraft:cobbled_deepslate":1,"supplementaries:antique_ink":3,"supplementaries:ash":31,"minecraft:gunpowder":12,"born_in_chaos_v1:corpse_maggot":2,"minecraft:ladder":2,"minecraft:iron_bars":1,"minecraft:oak_leaves":2,"minecraft:iron_ingot":18,"minecraft:bread":1,"born_in_chaos_v1:intoxicating_decoction":1,"minecraft:wheat_seeds":3,"born_in_chaos_v1:shattered_skull":1,"minecraft:poisonous_potato":2,"minecraft:coal":13,"minecraft:cobweb":9,"relics:roller_skates":1,"minecraft:string":7,"create:sand_paper":1,"create:raw_zinc":8,"minecraft:stone_sword":1,"minecraft:raw_copper":66,"minecraft:raw_iron":59,"sophisticatedbackpacks:backpack":1,"minecraft:shears":1,"minecraft:potato":38,"samurai_dynasty:jade":6,"biomesoplenty:bush":3,"minecraft:raw_gold":5,"samurai_dynasty:raw_silver":14},"minecraft:mined":{"create:andesite_casing":6,"valhelsia_structures:dirt":2,"minecraft:obsidian":1,"minecraft:granite":2,"minecraft:grass_block":10,"minecraft:soul_soil":1,"create:belt":1,"minecraft:tall_seagrass":3,"minecraft:raw_iron_block":4,"minecraft:iron_ore":5,"minecraft:fire":1,"minecraft:barrel":2,"minecraft:anvil":3,"minecraft:iron_bars":2,"minecraft:spruce_slab":2,"biomesoplenty:medium_rose_quartz_bud":1,"valhelsia_structures:coarse_dirt":2,"create:cogwheel":1,"supplementaries:book_pile":1,"minecraft:kelp_plant":29,"minecraft:smoker":1,"minecraft:torch":2,"minecraft:note_block":8,"minecraft:chest":3,"minecraft:nether_quartz_ore":9,"minecraft:cobblestone":14,"minecraft:damaged_anvil":1,"minecraft:sugar_cane":1,"minecraft:oak_planks":10,"minecraft:chain":1,"biomesoplenty:large_rose_quartz_bud":6,"minecraft:black_bed":2,"biomesoplenty:fir_log":10,"minecraft:grass":35,"minecraft:oak_log":25,"minecraft:sand":5,"minecraft:dirt":7,"minecraft:netherrack":13,"minecraft:oak_leaves":1,"minecraft:red_carpet":21,"blue_skies:trough":1,"iceandfire:silver_ore":1,"minecraft:ladder":2,"minecraft:dark_oak_fence":1,"biomesoplenty:bush":10,"create:large_cogwheel":1,"create_new_age:thorium_ore":4,"minecraft:kelp":6,"create:shaft":2,"minecraft:andesite":45,"minecraft:bookshelf":7,"minecraft:potatoes":2,"biomesoplenty:high_grass":2,"minecraft:lantern":1,"biomesoplenty:barley":1,"minecraft:stone":368,"biomesoplenty:rose_quartz_cluster":4,"minecraft:bone_block":26,"minecraft:red_wool":4,"minecraft:oak_fence":1,"biomesoplenty:small_rose_quartz_bud":1,"biomesoplenty:high_grass_plant":2,"minecraft:copper_ore":6,"create:water_wheel_structure":1,"minecraft:coarse_dirt":1,"minecraft:stripped_spruce_wood":5,"minecraft:sweet_berry_bush":1,"minecraft:coal_ore":28,"biomesoplenty:fir_leaves":2,"minecraft:cobweb":9,"minecraft:chipped_anvil":4},"minecraft:used":{"minecraft:chest":4,"minecraft:shield":34,"minecraft:iron_sword":189,"minecraft:rotten_flesh":2,"minecraft:iron_chestplate":2,"create:cogwheel":7,"minecraft:obsidian":15,"born_in_chaos_v1:corpse_maggot":7,"farmersdelight:tomato":1,"minecraft:iron_helmet":2,"minecraft:dark_oak_slab":4,"minecraft:bow":5,"minecraft:sweet_berries":11,"create:shaft":5,"minecraft:oak_sapling":16,"minecraft:potato":18,"immersive_aircraft:biplane":2,"blue_skies:trough":2,"minecraft:damaged_anvil":1,"minecraft:stone_pickaxe":68,"useless_sword:coal_sword":15,"minecraft:wooden_pickaxe":47,"minecraft:sugar_cane":1,"farmersdelight:cod_roll":1,"minecraft:black_bed":1,"relics:horse_flute":13,"minecraft:dark_oak_log":1,"minecraft:zombie_head":1,"minecraft:bread":34,"born_in_chaos_v1:staffof_magic_arrows":5,"sons_of_sins:flesh_of_demise":2,"minecraft:grindstone":1,"minecraft:dark_oak_fence":1,"minecraft:birch_log":1,"minecraft:bone_meal":30,"create:large_cogwheel":4,"minecraft:cobweb":8,"minecraft:oak_fence":1,"minecraft:stone_sword":10,"minecraft:flint_and_steel":1,"minecraft:torch":10,"minecraft:dirt":58,"minecraft:anvil":1,"alexsmobs:maggot":2,"minecraft:chipped_anvil":4,"minecraft:iron_axe":150,"minecraft:iron_boots":1,"create:belt_connector":6,"minecraft:golden_axe":4,"minecraft:iron_leggings":1,"alexsdelight:cooked_bison":3,"minecraft:water_bucket":5,"farlanders:looter_hood":1,"minecraft:baked_potato":34,"minecraft:cracked_stone_bricks":1,"animal_feeding_trough:feeding_trough":2,"farmersdelight:onion":1,"minecraft:oak_slab":1,"minecraft:crafting_table":3,"minecraft:diamond_pickaxe":463,"minecraft:apple":5,"create:mechanical_press":1,"minecraft:iron_pickaxe":66,"create:large_water_wheel":1,"minecraft:stone_axe":2,"minecraft:cobblestone":143,"minecraft:bucket":4,"minecraft:pumpkin_pie":11,"alexsmobs:animal_dictionary":1,"biomesoplenty:fir_log":6,"minecraft:chainmail_leggings":1},"minecraft:broken":{"minecraft:iron_boots":1,"minecraft:iron_chestplate":1,"minecraft:iron_sword":1,"minecraft:chainmail_leggings":1,"aether:iron_gloves":1,"minecraft:golden_axe":1,"minecraft:iron_axe":1,"minecraft:iron_pickaxe":1,"minecraft:iron_helmet":1,"create:sand_paper":1},"minecraft:crafted":{"immersive_aircraft:engine":1,"minecraft:smooth_stone":4,"minecraft:oak_planks":40,"minecraft:stone":4,"create:mechanical_press":1,"immersive_aircraft:hull":3,"create:cogwheel":3,"minecraft:oak_slab":12,"sophisticatedbackpacks:backpack":1,"minecraft:crafting_table":3,"create:piston_extension_pole":24,"minecraft:wooden_pickaxe":1,"minecraft:baked_potato":20,"minecraft:copper_ingot":15,"create:sand_paper":1,"immersive_aircraft:propeller":1,"biomesoplenty:fir_planks":52,"minecraft:paper":3,"minecraft:shield":1,"minecraft:stick":12,"minecraft:iron_ingot":35,"minecraft:iron_block":1,"minecraft:stone_sword":1,"create:large_cogwheel":3,"minecraft:shears":1,"minecraft:raw_iron":36,"minecraft:iron_nugget":45,"immersive_aircraft:sail":1,"minecraft:furnace":2,"minecraft:blast_furnace":1,"immersive_aircraft:biplane":1,"minecraft:piston":2,"minecraft:bone_meal":30,"minecraft:white_carpet":6,"minecraft:flint_and_steel":1,"minecraft:stone_pickaxe":1,"blue_skies:trough":2,"minecraft:dark_oak_planks":4,"create:belt_connector":5,"create:andesite_alloy":30,"immersive_aircraft:boiler":1,"minecraft:dried_kelp":56,"minecraft:iron_sword":1,"minecraft:stone_axe":1,"minecraft:air":0,"aether:iron_gloves":1,"minecraft:white_wool":4,"create:shaft":48}},"DataVersion":3465}