{"stats":{"minecraft:broken":{"minecraft:iron_boots":1,"minecraft:iron_chestplate":1,"minecraft:iron_leggings":1,"minecraft:iron_sword":1,"minecraft:chainmail_leggings":1,"aether:iron_gloves":1,"minecraft:golden_axe":1,"minecraft:iron_axe":1,"minecraft:iron_pickaxe":1,"minecraft:iron_helmet":1,"create:sand_paper":2},"minecraft:dropped":{"create:belt_connector":4,"minecraft:iron_sword":6,"iceandfire:raw_silver":17,"minecraft:porkchop":7,"minecraft:lapis_lazuli":258,"minecraft:oak_log":19,"minecraft:baked_potato":64,"minecraft:glass_bottle":13,"minecraft:ender_pearl":3,"minecraft:diamond":4,"minecraft:crafting_table":1,"ecologics:coconut_slice":2,"the_bumblezone:pollen_puff":1,"minecraft:dark_oak_slab":4,"minecraft:glow_item_frame":2,"minecraft:lantern":1,"minecraft:red_wool":4,"minecraft:rooted_dirt":2,"minecraft:leather":2,"minecraft:honeycomb":1,"minecraft:saddle":2,"minecraft:cracked_stone_bricks":6,"biomesoplenty:rose_quartz_chunk":17,"samurai_dynasty:spirit_flame":1,"relics:horse_flute":4,"born_in_chaos_v1:pieceofdarkmetal":14,"exoticbirds:gull_egg":1,"samurai_dynasty:ruby":13,"minecraft:rail":31,"minecraft:red_carpet":20,"minecraft:item_frame":2,"minecraft:emerald":85,"born_in_chaos_v1:monster_flesh":3,"minecraft:dirt":36,"minecraft:red_bed":1,"minecraft:grass":3,"minecraft:mutton":1,"blue_skies:trough":1,"minecraft:chain":1,"farmersdelight:onion":7,"minecraft:wooden_sword":1,"minecraft:gold_nugget":47,"minecraft:bone_meal":5,"minecraft:sand":3,"minecraft:sugar":12,"minecraft:white_wool":12,"simplyswords:gold_rapier":1,"minecraft:tropical_fish_bucket":1,"minecraft:cauldron":2,"minecraft:armor_stand":9,"minecraft:gold_ingot":21,"minecraft:bone":150,"minecraft:note_block":8,"minecraft:compass":6,"create_new_age:thorium":192,"minecraft:wheat":18,"wandering_bags:forbidden_spell":1,"domesticationinnovation:drum":1,"minecraft:cobbled_deepslate":260,"minecraft:andesite_slab":1,"minecraft:obsidian":18,"born_in_chaos_v1:ethereal_spirit":5,"minecraft:rotten_flesh":49,"minecraft:oak_planks":82,"minecraft:blaze_powder":1,"minecraft:carrot":15,"minecraft:white_bed":1,"paraglider:deku_leaf":1,"supplementaries:antique_ink":13,"minecraft:oak_fence_gate":2,"minecraft:poppy":2,"supplementaries:flax_seeds":2,"supplementaries:ash":90,"minecraft:mangrove_log":3,"minecraft:gunpowder":59,"create:scoria":12,"minecraft:skeleton_skull":3,"born_in_chaos_v1:corpse_maggot":19,"born_in_chaos_v1:diamond_termite_shard":3,"minecraft:chest":14,"minecraft:ladder":2,"minecraft:egg":1,"minecraft:painting":2,"create:andesite_alloy":9,"minecraft:arrow":19,"minecraft:netherrack":10,"minecraft:stone_hoe":2,"minecraft:enchanting_table":1,"immersive_aircraft:sail":1,"minecraft:iron_bars":1,"minecraft:powered_rail":11,"minecraft:stone_brick_stairs":5,"minecraft:oak_leaves":154,"minecraft:enchanted_book":3,"minecraft:iron_ingot":42,"minecraft:bread":1,"born_in_chaos_v1:intoxicating_decoction":6,"minecraft:oak_slab":2,"farlanders:looter_hood":1,"minecraft:wheat_seeds":12,"born_in_chaos_v1:shattered_skull":6,"minecraft:cherry_log":1,"simplyswords:iron_chakram":1,"minecraft:mossy_cobblestone":2,"minecraft:golden_horse_armor":1,"minecraft:book":35,"minecraft:oak_fence":4,"minecraft:granite":10,"minecraft:feather":14,"minecraft:lead":18,"minecraft:poisonous_potato":6,"minecraft:cobblestone":239,"minecraft:iron_helmet":2,"delightful:green_tea_leaf":11,"ecologics:crab_claw":1,"minecraft:apple":74,"evilcraft:dark_gem":5,"minecraft:copper_ingot":8,"minecraft:golden_apple":3,"exoticbirds:swan_egg":3,"minecraft:coal":18,"minecraft:stick":69,"minecraft:cobweb":10,"born_in_chaos_v1:black_argillite":1,"relics:roller_skates":3,"minecraft:diorite":55,"minecraft:golden_carrot":1,"iceandfire:copper_nugget":6,"minecraft:torch":2,"minecraft:rose_bush":2,"born_in_chaos_v1:fused_bone":1,"minecraft:map":9,"born_in_chaos_v1:stimulating_decoction":3,"minecraft:dried_kelp":26,"delightful:acorn":25,"create:piston_extension_pole":24,"minecraft:smooth_stone":1,"minecraft:dandelion":1,"the_bumblezone:porous_honeycomb_block":1,"duckling:duck_egg":2,"minecraft:redstone":46,"minecraft:stone_brick_slab":5,"minecraft:hanging_roots":1,"minecraft:bucket":3,"minecraft:iron_shovel":1,"minecraft:string":20,"create:sand_paper":1,"create:raw_zinc":83,"iceandfire:dragonbone":3,"minecraft:anvil":1,"minecraft:kelp":210,"minecraft:sweet_berries":38,"minecraft:coarse_dirt":7,"iceandfire:lightning_dragon_heart":1,"minecraft:stone_sword":2,"minecraft:cobblestone_wall":8,"minecraft:raw_copper":226,"minecraft:tuff":54,"minecraft:experience_bottle":2,"minecraft:raw_iron":138,"born_in_chaos_v1:rotten_fish":1,"sophisticatedbackpacks:backpack":1,"minecraft:stone_slab":4,"minecraft:name_tag":6,"minecraft:shears":2,"useless_sword:redstone_sword":1,"minecraft:stone":3,"minecraft:flower_pot":5,"create_new_age:magnetite_block":2,"minecraft:hay_block":17,"minecraft:potato":294,"fishofthieves:earthworms":19,"biomesoplenty:fir_planks":6,"minecraft:allium":5,"minecraft:spruce_planks":5,"minecraft:diamond_pickaxe":1,"minecraft:andesite":26,"minecraft:purple_bed":1,"minecraft:mossy_stone_bricks":3,"minecraft:oak_sapling":53,"exoticbirds:raw_birdmeat":3,"minecraft:barrel":2,"minecraft:spider_eye":1,"minecraft:stone_bricks":40,"born_in_chaos_v1:charmof_resistance":1,"samurai_dynasty:jade":12,"biomesoplenty:bush":6,"minecraft:blue_orchid":1,"minecraft:stone_pickaxe":2,"minecraft:raw_gold":33,"farmersdelight:ham":1,"samurai_dynasty:raw_silver":28,"farmersdelight:tomato":14},"minecraft:custom":{"minecraft:interact_with_crafting_table":106,"minecraft:open_barrel":18,"minecraft:eat_cake_slice":6,"minecraft:leave_game":8,"minecraft:time_since_death":272487,"minecraft:sprint_one_cm":1161490,"minecraft:damage_blocked_by_shield":300,"minecraft:drop":400,"minecraft:play_noteblock":9,"minecraft:talked_to_villager":9,"minecraft:play_time":425324,"minecraft:deaths":3,"minecraft:jump":4526,"minecraft:walk_on_water_one_cm":39206,"minecraft:interact_with_furnace":108,"minecraft:traded_with_villager":1,"minecraft:sleep_in_bed":33,"minecraft:waystone_activated":4,"minecraft:damage_dealt":23478,"minecraft:crouch_one_cm":94520,"minecraft:interact_with_smoker":1,"minecraft:use_cauldron":1,"minecraft:horse_one_cm":1269,"minecraft:mob_kills":161,"minecraft:interact_with_anvil":11,"minecraft:fill_cauldron":1,"minecraft:damage_dealt_resisted":528,"minecraft:climb_one_cm":31762,"minecraft:walk_one_cm":1053650,"minecraft:sneak_time":23423,"minecraft:walk_under_water_one_cm":14848,"minecraft:interact_with_blast_furnace":6,"minecraft:total_world_time":425324,"minecraft:tune_noteblock":1,"minecraft:interact_with_grindstone":2,"minecraft:time_since_rest":6051,"minecraft:damage_taken":8232,"minecraft:swim_one_cm":88073,"minecraft:fly_one_cm":962456,"minecraft:open_chest":344,"minecraft:fall_one_cm":121172},"minecraft:crafted":{"immersive_aircraft:engine":1,"minecraft:smooth_stone":4,"minecraft:oak_planks":80,"minecraft:stone":4,"create:mechanical_press":1,"immersive_aircraft:hull":3,"minecraft:chest":22,"minecraft:stone_hoe":1,"create:cogwheel":4,"blue_skies:blue_journal":1,"minecraft:oak_slab":12,"sophisticatedbackpacks:backpack":1,"minecraft:crafting_table":4,"simplyswords:iron_claymore":1,"minecraft:spruce_planks":39,"create:piston_extension_pole":24,"minecraft:wooden_pickaxe":1,"minecraft:baked_potato":93,"minecraft:copper_ingot":15,"create:sand_paper":2,"create:mechanical_mixer":1,"immersive_aircraft:propeller":1,"biomesoplenty:fir_planks":52,"minecraft:paper":3,"minecraft:shield":1,"minecraft:stick":21,"minecraft:iron_ingot":49,"minecraft:iron_block":1,"minecraft:stone_sword":1,"create:large_cogwheel":3,"minecraft:shears":1,"create:empty_blaze_burner":1,"minecraft:raw_iron":36,"minecraft:iron_nugget":63,"immersive_aircraft:sail":1,"minecraft:furnace":2,"minecraft:blast_furnace":1,"immersive_aircraft:biplane":1,"minecraft:piston":2,"minecraft:bone_meal":32,"minecraft:white_carpet":6,"minecraft:flint_and_steel":1,"minecraft:iron_axe":1,"minecraft:spruce_slab":6,"minecraft:stone_pickaxe":1,"blue_skies:trough":2,"create:electron_tube":4,"minecraft:dark_oak_planks":4,"create:belt_connector":5,"sophisticatedbackpacks:iron_backpack":1,"create:andesite_alloy":34,"immersive_aircraft:boiler":1,"simplyswords:iron_chakram":1,"minecraft:dried_kelp":56,"minecraft:iron_sword":1,"minecraft:stone_axe":1,"minecraft:air":213,"aether:iron_gloves":1,"create:whisk":1,"minecraft:white_wool":4,"minecraft:iron_shovel":2,"minecraft:white_bed":1,"create:shaft":48},"minecraft:used":{"minecraft:iron_shovel":87,"minecraft:chest":34,"minecraft:shield":34,"minecraft:iron_sword":267,"minecraft:grass":3,"minecraft:rotten_flesh":2,"minecraft:iron_chestplate":2,"create:cogwheel":7,"minecraft:obsidian":15,"born_in_chaos_v1:corpse_maggot":8,"farmersdelight:tomato":1,"minecraft:iron_helmet":2,"minecraft:dark_oak_slab":4,"minecraft:bow":12,"minecraft:sweet_berries":11,"create:shaft":5,"minecraft:oak_sapling":16,"minecraft:potato":34,"immersive_aircraft:biplane":2,"blue_skies:trough":2,"minecraft:damaged_anvil":1,"minecraft:stone_pickaxe":68,"useless_sword:coal_sword":15,"minecraft:wooden_pickaxe":47,"minecraft:sugar_cane":1,"simplyswords:iron_chakram":4,"farmersdelight:cod_roll":1,"minecraft:black_bed":1,"relics:horse_flute":15,"waystones:waystone":2,"born_in_chaos_v1:monster_flesh":1,"minecraft:dark_oak_log":1,"minecraft:zombie_head":1,"minecraft:bread":34,"born_in_chaos_v1:staffof_magic_arrows":5,"sons_of_sins:flesh_of_demise":2,"minecraft:grindstone":1,"minecraft:dark_oak_fence":1,"twilightforest:twilight_oak_chest":1,"minecraft:birch_log":1,"minecraft:coarse_dirt":1,"minecraft:cobweb":8,"minecraft:bone_meal":32,"create:large_cogwheel":4,"minecraft:oak_fence":12,"simplyswords:iron_claymore":56,"minecraft:stone_sword":10,"minecraft:flint_and_steel":1,"exoticbirds:swan_egg":1,"minecraft:spruce_planks":1,"minecraft:stone_hoe":1,"useless_sword:redstone_sword":16,"minecraft:torch":10,"fishofthieves:earthworms":4,"minecraft:dirt":102,"minecraft:anvil":3,"alexsmobs:maggot":2,"minecraft:chipped_anvil":4,"minecraft:iron_axe":234,"minecraft:rooted_dirt":1,"minecraft:iron_boots":1,"minecraft:barrel":3,"minecraft:cooked_beef":5,"minecraft:golden_axe":4,"alexsdelight:cooked_bison":6,"create:belt_connector":6,"minecraft:iron_leggings":1,"minecraft:water_bucket":5,"farlanders:looter_hood":1,"create:empty_blaze_burner":1,"minecraft:baked_potato":91,"create:blaze_burner":1,"minecraft:cracked_stone_bricks":1,"animal_feeding_trough:feeding_trough":2,"farmersdelight:onion":1,"minecraft:oak_slab":1,"minecraft:crafting_table":4,"minecraft:red_bed":1,"minecraft:white_bed":2,"minecraft:diamond_pickaxe":497,"minecraft:apple":5,"create:mechanical_press":1,"minecraft:iron_pickaxe":66,"minecraft:spruce_trapdoor":1,"create:large_water_wheel":1,"minecraft:stone_axe":2,"minecraft:cobblestone":236,"minecraft:bucket":4,"minecraft:pumpkin_pie":11,"alexsmobs:animal_dictionary":1,"biomesoplenty:fir_log":6,"minecraft:chainmail_leggings":1},"minecraft:killed":{"born_in_chaos_v1:zombie_clown":2,"minecraft:zombified_piglin":46,"born_in_chaos_v1:restless_spirit":2,"born_in_chaos_v1:zombie_lumberjack":2,"born_in_chaos_v1:skeleton_demoman":1,"minecraft:spider":4,"born_in_chaos_v1:siamese_skeletonsright":1,"minecraft:skeleton":10,"minecraft:pig":1,"born_in_chaos_v1:bonescaller":1,"minecraft:zombie_villager":2,"minecraft:creeper":6,"minecraft:pillager":1,"minecraft:zombie":4,"born_in_chaos_v1:corpse_fly":17,"enemyexpansion:botfly":3,"alexsmobs:fly":3,"minecraft:blaze":1,"born_in_chaos_v1:siamese_skeletonsleft":1,"samurai_dynasty:onibi":1,"enemyexpansion:direwolf":4,"born_in_chaos_v1:zombie_bruiser":1,"born_in_chaos_v1:maggot":21,"alexsmobs:bison":1,"farlanders:looter":3,"iceandfire:cyclops":1,"born_in_chaos_v1:baby_skeleton":3,"born_in_chaos_v1:swarmer":1,"enemyexpansion:sprinter":1,"born_in_chaos_v1:decrepit_skeleton":5,"evilcraft:poisonous_libelle":1,"sons_of_sins:betrayed_guzzler":1,"iceandfire:ghost":4},"minecraft:picked_up":{"minecraft:wheat":21,"illagerinvasion:platinum_chunk":1,"minecraft:flower_pot":5,"minecraft:anvil":10,"minecraft:stone_slab":4,"minecraft:lead":24,"minecraft:enchanted_book":5,"minecraft:stone_brick_stairs":5,"born_in_chaos_v1:black_argillite":1,"minecraft:string":21,"minecraft:soul_soil":3,"minecraft:raw_copper":169,"minecraft:beetroot_soup":1,"minecraft:zombie_head":1,"minecraft:armor_stand":9,"create:piston_extension_pole":24,"minecraft:experience_bottle":2,"minecraft:smooth_stone":1,"create:sand_paper":1,"biomesoplenty:fir_planks":6,"minecraft:bucket":3,"minecraft:gold_nugget":70,"minecraft:cobbled_deepslate":242,"minecraft:spruce_planks":5,"delightful:acorn":27,"minecraft:rose_bush":2,"samurai_dynasty:raw_silver":14,"born_in_chaos_v1:stimulating_decoction":3,"minecraft:melon_slice":6,"delightful:green_tea_leaf":14,"minecraft:furnace":4,"minecraft:mangrove_log":3,"ecologics:crab_claw":1,"minecraft:iron_boots":3,"minecraft:stick":71,"born_in_chaos_v1:shattered_skull":5,"minecraft:oak_fence":17,"minecraft:torch":18,"create:andesite_casing":10,"minecraft:porkchop":11,"minecraft:dried_kelp":26,"minecraft:golden_axe":1,"minecraft:cherry_log":2,"minecraft:diorite":55,"minecraft:cauldron":2,"create:large_cogwheel":2,"minecraft:stone_sword":1,"minecraft:rotten_flesh":81,"biomesoplenty:rose_quartz_chunk":38,"farmersdelight:onion":7,"create:scoria":12,"relics:horse_flute":4,"aether:chainmail_gloves":1,"useless_sword:coal_sword":1,"supplementaries:antique_ink":10,"alexsdelight:raw_bison":2,"supplementaries:ash":121,"minecraft:cod":12,"minecraft:obsidian":19,"minecraft:iron_bars":1,"minecraft:blaze_powder":1,"minecraft:cobblestone":570,"minecraft:birch_log":1,"minecraft:enchanting_table":1,"minecraft:feather":14,"born_in_chaos_v1:staffof_magic_arrows":1,"minecraft:leather_chestplate":1,"relics:roller_skates":4,"born_in_chaos_v1:spiritual_dust":1,"minecraft:andesite":71,"minecraft:black_bed":3,"minecraft:smoker":1,"minecraft:potato":462,"biomesoplenty:fir_log":19,"alexsmobs:bison_fur":2,"create:belt_connector":5,"minecraft:tuff":54,"blue_skies:trough":2,"create:raw_zinc":79,"minecraft:stripped_spruce_wood":14,"supplementaries:flax_seeds":2,"minecraft:map":9,"minecraft:lantern":1,"minecraft:lapis_lazuli":118,"farmersdelight:tomato":29,"minecraft:dirt":242,"biomesoplenty:bush":9,"minecraft:name_tag":6,"born_in_chaos_v1:marigolds":2,"wandering_bags:forbidden_spell":1,"minecraft:hanging_roots":1,"minecraft:bone":173,"minecraft:chipped_anvil":7,"minecraft:bow":2,"minecraft:wheat_seeds":21,"minecraft:raw_gold":28,"create_new_age:magnetite_block":2,"minecraft:stone_hoe":2,"minecraft:mossy_stone_bricks":3,"minecraft:grindstone":1,"minecraft:honeycomb":1,"immersive_aircraft:sail":1,"fishofthieves:earthworms":55,"minecraft:powered_rail":11,"create:shaft":34,"minecraft:bamboo":4,"exoticbirds:eggshell":2,"minecraft:oak_planks":100,"duckling:duck_egg":2,"exoticbirds:gull_egg":2,"create:cogwheel":4,"create:empty_blaze_burner":1,"minecraft:poisonous_potato":7,"minecraft:sand":8,"farmersdelight:ham":1,"iceandfire:lightning_dragon_heart":2,"exoticbirds:mystery_egg":1,"minecraft:barrel":17,"minecraft:mossy_cobblestone":2,"sons_of_sins:flesh_of_demise":2,"minecraft:crossbow":1,"minecraft:sugar":12,"minecraft:diamond":4,"born_in_chaos_v1:rotten_fish":1,"born_in_chaos_v1:diamond_termite_shard":3,"the_bumblezone:porous_honeycomb_block":1,"waystones:waystone":2,"minecraft:golden_apple":3,"minecraft:bone_meal":5,"minecraft:andesite_slab":1,"minecraft:emerald":86,"minecraft:granite":12,"minecraft:grass":9,"minecraft:rooted_dirt":5,"minecraft:golden_horse_armor":2,"minecraft:bread":18,"alexsmobs:maggot":4,"minecraft:oak_sapling":68,"minecraft:dark_oak_fence":1,"minecraft:netherrack":21,"minecraft:oak_leaves":132,"iceandfire:raw_silver":12,"minecraft:diamond_pickaxe":2,"minecraft:crafting_table":1,"minecraft:allium":5,"iceandfire:dragon_skull_lightning":1,"minecraft:coarse_dirt":19,"create_new_age:thorium":204,"minecraft:rabbit_stew":2,"minecraft:ladder":2,"born_in_chaos_v1:charmof_resistance":2,"minecraft:chain":5,"minecraft:blue_orchid":1,"minecraft:shield":3,"minecraft:iron_shovel":1,"minecraft:compass":5,"minecraft:item_frame":2,"immersive_aircraft:biplane":1,"minecraft:red_bed":3,"minecraft:iron_axe":2,"minecraft:wooden_sword":1,"born_in_chaos_v1:intoxicating_decoction":9,"minecraft:cracked_stone_bricks":7,"minecraft:beef":2,"minecraft:iron_nugget":9,"valhelsia_structures:doused_torch":1,"minecraft:poppy":2,"minecraft:spruce_slab":14,"minecraft:sugar_cane":8,"minecraft:chest":25,"minecraft:spruce_trapdoor":1,"minecraft:egg":1,"create:polished_rose_quartz":13,"minecraft:raw_iron":84,"iceandfire:dragonbone":6,"minecraft:stone":3,"ecologics:coconut_slice":8,"minecraft:glow_item_frame":4,"twilightforest:twilight_oak_chest":1,"minecraft:copper_ingot":16,"minecraft:note_block":16,"born_in_chaos_v1:pieceofdarkmetal":12,"minecraft:carrot":15,"minecraft:redstone":46,"create:zinc_ingot":4,"minecraft:iron_horse_armor":1,"minecraft:dark_oak_planks":1,"samurai_dynasty:spirit_flame":1,"minecraft:arrow":56,"relics:arrow_quiver":1,"domesticationinnovation:collar_tag":1,"minecraft:hay_block":17,"minecraft:saddle":2,"minecraft:shears":2,"artifacts:cross_necklace":1,"minecraft:skeleton_skull":3,"exoticbirds:raw_birdmeat":3,"minecraft:gold_ingot":21,"minecraft:rail":31,"minecraft:mutton":6,"minecraft:bone_block":48,"minecraft:white_wool":16,"born_in_chaos_v1:fused_bone":7,"born_in_chaos_v1:corpse_maggot":44,"create:iron_sheet":11,"born_in_chaos_v1:monster_flesh":4,"minecraft:golden_carrot":1,"samurai_dynasty:ruby":13,"samurai_dynasty:jade":12,"minecraft:leather":2,"create:andesite_alloy":38,"minecraft:oak_log":86,"iceandfire:ectoplasm":1,"farlanders:looter_hood":2,"minecraft:cobblestone_wall":10,"minecraft:gunpowder":55,"minecraft:paper":11,"minecraft:red_carpet":40,"minecraft:apple":75,"minecraft:stone_bricks":41,"minecraft:kelp":348,"minecraft:oak_fence_gate":9,"minecraft:iron_ingot":78,"minecraft:stone_pickaxe":2,"minecraft:cobweb":1,"minecraft:glass_bottle":13,"minecraft:iron_sword":9,"minecraft:tropical_fish_bucket":1,"minecraft:book":59,"iceandfire:copper_nugget":6,"minecraft:oak_slab":3,"exoticbirds:swan_egg":6,"minecraft:dark_oak_slab":12,"create:large_water_wheel":1,"minecraft:sweet_berries":50,"minecraft:stone_brick_slab":5,"born_in_chaos_v1:ethereal_spirit":9,"minecraft:red_wool":8,"minecraft:quartz":18,"minecraft:dandelion":2,"minecraft:raw_iron_block":4,"minecraft:white_bed":2,"simplyswords:gold_rapier":1,"minecraft:spider_eye":17,"iceandfire:dragonscales_copper":16,"create:electron_tube":4,"minecraft:purple_bed":1,"minecraft:stone_axe":1,"minecraft:iron_helmet":2,"evilcraft:dark_gem":26,"the_bumblezone:pollen_puff":1,"minecraft:painting":2,"domesticationinnovation:drum":1,"minecraft:baked_potato":147,"minecraft:damaged_anvil":3,"minecraft:coal":47,"minecraft:ender_pearl":3},"minecraft:mined":{"create:andesite_casing":6,"valhelsia_structures:dirt":2,"minecraft:obsidian":1,"minecraft:granite":2,"twilightforest:twilight_oak_chest":1,"minecraft:grass_block":95,"minecraft:soul_soil":1,"create:belt":1,"minecraft:tall_seagrass":3,"minecraft:raw_iron_block":4,"minecraft:iron_ore":5,"minecraft:fire":1,"minecraft:barrel":5,"minecraft:anvil":5,"minecraft:iron_bars":2,"minecraft:spruce_slab":2,"biomesoplenty:medium_rose_quartz_bud":1,"valhelsia_structures:coarse_dirt":2,"create:cogwheel":1,"minecraft:red_bed":1,"minecraft:kelp_plant":29,"supplementaries:book_pile":1,"minecraft:smoker":1,"minecraft:torch":2,"minecraft:note_block":8,"minecraft:chest":21,"minecraft:nether_quartz_ore":9,"minecraft:cobblestone":15,"minecraft:sugar_cane":3,"minecraft:oak_planks":10,"minecraft:damaged_anvil":3,"minecraft:chain":1,"biomesoplenty:large_rose_quartz_bud":9,"minecraft:black_bed":3,"biomesoplenty:fir_log":10,"minecraft:grass":40,"minecraft:oak_fence_gate":8,"minecraft:oak_log":66,"minecraft:sand":5,"minecraft:dirt":9,"minecraft:netherrack":14,"minecraft:oak_leaves":12,"minecraft:red_carpet":21,"blue_skies:trough":1,"iceandfire:silver_ore":1,"minecraft:ladder":2,"minecraft:dark_oak_fence":1,"biomesoplenty:bush":11,"create:large_cogwheel":1,"create_new_age:thorium_ore":4,"minecraft:kelp":6,"create:shaft":2,"minecraft:furnace":4,"minecraft:andesite":45,"minecraft:bookshelf":7,"minecraft:potatoes":2,"biomesoplenty:high_grass":2,"minecraft:lantern":1,"biomesoplenty:barley":1,"minecraft:bamboo":1,"minecraft:stone":371,"biomesoplenty:rose_quartz_cluster":14,"minecraft:bone_block":26,"minecraft:red_wool":4,"minecraft:oak_fence":12,"biomesoplenty:small_rose_quartz_bud":1,"biomesoplenty:high_grass_plant":2,"minecraft:tall_grass":2,"minecraft:copper_ore":6,"create:water_wheel_structure":1,"create:blaze_burner":1,"minecraft:coarse_dirt":1,"minecraft:stripped_spruce_wood":5,"minecraft:sweet_berry_bush":1,"minecraft:coal_ore":28,"biomesoplenty:fir_leaves":2,"minecraft:cobweb":9,"minecraft:chipped_anvil":7}},"DataVersion":3465}