{
  "exoticbirds:recipes/phoenix_egg_from_nether_phoenix": {
    "criteria": {
      "has_egg": "2024-09-22 04:55:52 +0000"
    },
    "done": true
  },
  "mcwfencesbop:recipes/jacaranda": {
    "criteria": {
      "has_acacia": "2024-09-22 04:55:52 +0000"
    },
    "done": true
  },
  "aquaculture:recipes/aquaculture/iron_hook": {
    "criteria": {
      "has_items": "2024-09-22 04:55:52 +0000"
    },
    "done": true
  },
  "mcwfences:recipes/prismarine": {
    "criteria": {
      "has_qq": "2024-09-22 04:55:52 +0000"
    },
    "done": true
  },
  "ae2wtlib:recipes/wireless_universal_terminal/upgrade_pattern_encoding": {
    "criteria": {
      "has_wpt": "2024-09-22 04:55:52 +0000"
    },
    "done": true
  },
  "aquaculture:recipes/misc/neptinium_ingot_from_blasting": {
    "criteria": {
      "has_leggings": "2024-09-22 04:55:53 +0000",
      "has_axe": "2024-09-22 04:55:52 +0000",
      "has_helmet": "2024-09-22 04:55:53 +0000",
      "has_fishing_rod": "2024-09-22 04:55:53 +0000",
      "has_bow": "2024-09-22 04:55:53 +0000",
      "has_chestplate": "2024-09-22 04:55:53 +0000",
      "has_sword": "2024-09-22 04:55:52 +0000",
      "has_fillet_knife": "2024-09-22 04:55:53 +0000",
      "has_shovel": "2024-09-22 04:55:52 +0000",
      "has_hoe": "2024-09-22 04:55:53 +0000",
      "has_boots": "2024-09-22 04:55:52 +0000",
      "has_pickaxe": "2024-09-22 04:55:53 +0000"
    },
    "done": true
  },
  "aquaculture:recipes/aquaculture/worm_farm": {
    "criteria": {
      "has_items": "2024-09-22 04:55:52 +0000"
    },
    "done": true
  },
  "exoticbirds:recipes/phoenix_egg_from_fire_phoenix": {
    "criteria": {
      "has_egg": "2024-09-22 04:55:52 +0000"
    },
    "done": true
  },
  "create_connected:root": {
    "criteria": {
      "0": "2024-09-22 04:55:52 +0000"
    },
    "done": true
  },
  "mcwfencesbop:recipes/dead_hedge": {
    "criteria": {
      "has_birch": "2024-09-22 04:55:52 +0000"
    },
    "done": true
  },
  "aquaculture:recipes/aquaculture/bobber": {
    "criteria": {
      "has_items": "2024-09-22 04:55:52 +0000"
    },
    "done": true
  },
  "aquaculture:recipes/aquaculture/heavy_hook": {
    "criteria": {
      "has_items": "2024-09-22 04:55:52 +0000"
    },
    "done": true
  },
  "mcwfences:recipes/crimson": {
    "criteria": {
      "has_crimson": "2024-09-22 04:55:52 +0000"
    },
    "done": true
  },
  "create:root": {
    "criteria": {
      "0": "2024-09-22 04:55:52 +0000"
    },
    "done": true
  },
  "naturalist:recipes/food/cooked_egg": {
    "criteria": {
      "has_eggs": "2024-09-22 04:55:52 +0000"
    },
    "done": true
  },
  "mcwfencesbop:recipes/magic": {
    "criteria": {
      "has_acacia": "2024-09-22 04:55:52 +0000"
    },
    "done": true
  },
  "ae2wtlib:recipes/wireless_pattern_access_terminal": {
    "criteria": {
      "has_wt": "2024-09-22 04:55:52 +0000"
    },
    "done": true
  },
  "aquaculture:recipes/decorations/acacia_fish_mount": {
    "criteria": {
      "has_items": "2024-09-22 04:55:52 +0000"
    },
    "done": true
  },
  "aquaculture:recipes/aquaculture/light_hook": {
    "criteria": {
      "has_items": "2024-09-22 04:55:52 +0000"
    },
    "done": true
  },
  "mcwfences:recipes/sandstone": {
    "criteria": {
      "has_sand": "2024-09-22 04:55:52 +0000"
    },
    "done": true
  },
  "mcwfences:recipes/quartz": {
    "criteria": {
      "has_qq": "2024-09-22 04:55:52 +0000"
    },
    "done": true
  },
  "aquaculture:recipes/misc/iron_nugget_from_smelting": {
    "criteria": {
      "has_fishing_rod": "2024-09-22 04:55:52 +0000",
      "has_fillet_knife": "2024-09-22 04:55:53 +0000"
    },
    "done": true
  },
  "aquaculture:recipes/tools/golden_fishing_rod": {
    "criteria": {
      "has_vanilla_rod": "2024-09-22 04:55:52 +0000"
    },
    "done": true
  },
  "ae2wtlib:recipes/wireless_universal_terminal/ce": {
    "criteria": {
      "has_wpt": "2024-09-22 04:55:52 +0000",
      "has_wct": "2024-09-22 04:55:53 +0000"
    },
    "done": true
  },
  "ae2wtlib:recipes/wireless_universal_terminal/ca": {
    "criteria": {
      "has_wit": "2024-09-22 04:55:52 +0000",
      "has_wct": "2024-09-22 04:55:53 +0000"
    },
    "done": true
  },
  "ae2wtlib:recipes/wireless_universal_terminal/ae": {
    "criteria": {
      "has_wit": "2024-09-22 04:55:52 +0000",
      "has_wpt": "2024-09-22 04:55:52 +0000"
    },
    "done": true
  },
  "aquaculture:recipes/aquaculture/diamond_hook": {
    "criteria": {
      "has_items": "2024-09-22 04:55:52 +0000"
    },
    "done": true
  },
  "nethers_exoticism:nethers_exoticism_adv": {
    "criteria": {
      "nethers_exoticism_adv": "2024-09-22 04:55:52 +0000"
    },
    "done": true
  },
  "ae2wtlib:recipes/quantum_bridge_card": {
    "criteria": {
      "has_wit": "2024-09-22 04:55:53 +0000",
      "has_wpt": "2024-09-22 04:55:53 +0000",
      "has_wct": "2024-09-22 04:55:52 +0000"
    },
    "done": true
  },
  "mcwfencesbop:recipes/snowblossom_hedge": {
    "criteria": {
      "has_birch": "2024-09-22 04:55:52 +0000"
    },
    "done": true
  },
  "mcwfences:recipes/blackstone": {
    "criteria": {
      "has_blackstone": "2024-09-22 04:55:52 +0000"
    },
    "done": true
  },
  "minecraft:recipes/decorations/crafting_table": {
    "criteria": {
      "unlock_right_away": "2024-09-22 04:55:53 +0000"
    },
    "done": true
  },
  "mcwfences:recipes/jungle": {
    "criteria": {
      "has_jungle": "2024-09-22 04:55:53 +0000"
    },
    "done": true
  },
  "mcwfencesbop:recipes/willow": {
    "criteria": {
      "has_acacia": "2024-09-22 04:55:53 +0000"
    },
    "done": true
  },
  "mcwfences:recipes/warped": {
    "criteria": {
      "has_warped": "2024-09-22 04:55:53 +0000"
    },
    "done": true
  },
  "exoticbirds:recipes/phoenix_egg_from_cloud_phoenix": {
    "criteria": {
      "has_egg": "2024-09-22 04:55:53 +0000"
    },
    "done": true
  },
  "iceandfire:iceandfire/root": {
    "criteria": {
      "tick": "2024-09-22 04:55:53 +0000"
    },
    "done": true
  },
  "exoticbirds:recipes/phoenix_egg_from_desert_phoenix": {
    "criteria": {
      "has_egg": "2024-09-22 04:55:53 +0000"
    },
    "done": true
  },
  "astikorcarts:recipes/plow": {
    "criteria": {
      "has_wheel": "2024-09-22 04:55:53 +0000"
    },
    "done": true
  },
  "ae2wtlib:recipes/wireless_universal_terminal/upgrade_crafting": {
    "criteria": {
      "has_wct": "2024-09-22 04:55:53 +0000"
    },
    "done": true
  },
  "betterdungeons:root": {
    "criteria": {
      "always": "2024-09-22 04:55:53 +0000"
    },
    "done": true
  },
  "mcwfences:recipes/birch": {
    "criteria": {
      "has_birch": "2024-09-22 04:55:53 +0000"
    },
    "done": true
  },
  "mcwfences:recipes/stone": {
    "criteria": {
      "has_stone": "2024-09-22 04:55:53 +0000"
    },
    "done": true
  },
  "aquaculture:recipes/tools/iron_fishing_rod": {
    "criteria": {
      "has_vanilla_rod": "2024-09-22 04:55:53 +0000"
    },
    "done": true
  },
  "mcwfencesbop:recipes/hellbark_hedge": {
    "criteria": {
      "has_birch": "2024-09-22 04:55:53 +0000"
    },
    "done": true
  },
  "aquaculture:recipes/decorations/oak_fish_mount": {
    "criteria": {
      "has_items": "2024-09-22 04:55:53 +0000"
    },
    "done": true
  },
  "aquaculture:recipes/aquaculture/double_hook": {
    "criteria": {
      "has_items": "2024-09-22 04:55:53 +0000"
    },
    "done": true
  },
  "ae2wtlib:recipes/wireless_pattern_encoding_terminal": {
    "criteria": {
      "has_wt": "2024-09-22 04:55:53 +0000"
    },
    "done": true
  },
  "mcwfences:recipes/hedge": {
    "criteria": {
      "has_birch": "2024-09-22 04:55:53 +0000"
    },
    "done": true
  },
  "betterdeserttemples:root": {
    "criteria": {
      "always": "2024-09-22 04:55:53 +0000"
    },
    "done": true
  },
  "aquaculture:recipes/misc/jellyfish_to_slimeball": {
    "criteria": {
      "has_items": "2024-09-22 04:55:53 +0000"
    },
    "done": true
  },
  "mcwfencesbop:recipes/redwood_hedge": {
    "criteria": {
      "has_birch": "2024-09-22 04:55:53 +0000"
    },
    "done": true
  },
  "mcwfencesbop:recipes/origin_hedge": {
    "criteria": {
      "has_birch": "2024-09-22 04:55:53 +0000"
    },
    "done": true
  },
  "aquaculture:recipes/decorations/birch_fish_mount": {
    "criteria": {
      "has_items": "2024-09-22 04:55:53 +0000"
    },
    "done": true
  },
  "mcwfences:recipes/mangrove": {
    "criteria": {
      "has_mangrove": "2024-09-22 04:55:53 +0000"
    },
    "done": true
  },
  "mowziesmobs:root": {
    "criteria": {
      "custom_test_name": "2024-09-22 04:55:53 +0000"
    },
    "done": true
  },
  "aquaculture:recipes/misc/brown_mushroom_from_fish": {
    "criteria": {
      "has_items": "2024-09-22 04:55:53 +0000"
    },
    "done": true
  },
  "the_bumblezone:root": {
    "criteria": {
      "instant_granted": "2024-09-22 04:55:53 +0000"
    },
    "done": true
  },
  "theabyss:unlockthebook": {
    "criteria": {
      "unlockthebook": "2024-09-22 04:55:53 +0000"
    },
    "done": true
  },
  "aquaculture:recipes/decorations/dark_oak_fish_mount": {
    "criteria": {
      "has_items": "2024-09-22 04:55:53 +0000"
    },
    "done": true
  },
  "mcwfencesbop:recipes/hellbark": {
    "criteria": {
      "has_acacia": "2024-09-22 04:55:53 +0000"
    },
    "done": true
  },
  "mcwfencesbop:recipes/palm_hedge": {
    "criteria": {
      "has_birch": "2024-09-22 04:55:53 +0000"
    },
    "done": true
  },
  "aquaculture:recipes/food/sushi": {
    "criteria": {
      "has_alt_items": "2024-09-22 04:55:53 +0000",
      "has_items": "2024-09-22 04:55:53 +0000"
    },
    "done": true
  },
  "aquaculture:recipes/building_blocks/planks_from_driftwood": {
    "criteria": {
      "has_items": "2024-09-22 04:55:53 +0000"
    },
    "done": true
  },
  "aquaculture:recipes/aquaculture/note_hook": {
    "criteria": {
      "has_items": "2024-09-22 04:55:53 +0000"
    },
    "done": true
  },
  "mcwfencesbop:recipes/jacaranda_hedge": {
    "criteria": {
      "has_birch": "2024-09-22 04:55:53 +0000"
    },
    "done": true
  },
  "aquaculture:recipes/aquaculture/gold_hook": {
    "criteria": {
      "has_items": "2024-09-22 04:55:53 +0000"
    },
    "done": true
  },
  "mcwfencesbop:recipes/willow_hedge": {
    "criteria": {
      "has_birch": "2024-09-22 04:55:53 +0000"
    },
    "done": true
  },
  "aquaculture:recipes/decorations/spruce_fish_mount": {
    "criteria": {
      "has_items": "2024-09-22 04:55:53 +0000"
    },
    "done": true
  },
  "aquaculture:recipes/misc/tin_can_to_iron_nugget_from_blasting": {
    "criteria": {
      "has_items": "2024-09-22 04:55:53 +0000"
    },
    "done": true
  },
  "totw_modded:root": {
    "criteria": {
      "sample_trigger": "2024-09-22 04:55:53 +0000"
    },
    "done": true
  },
  "mcwfences:recipes/deepslate": {
    "criteria": {
      "has_deepslate": "2024-09-22 04:55:53 +0000"
    },
    "done": true
  },
  "aquaculture:recipes/aquaculture/redstone_hook": {
    "criteria": {
      "has_items": "2024-09-22 04:55:53 +0000"
    },
    "done": true
  },
  "exoticbirds:recipes/phoenix_egg_from_water_phoenix": {
    "criteria": {
      "has_egg": "2024-09-22 04:55:53 +0000"
    },
    "done": true
  },
  "aquaculture:recipes/food/cooked_fish_fillet_from_smoking": {
    "criteria": {
      "has_items": "2024-09-22 04:55:53 +0000"
    },
    "done": true
  },
  "farmersdelight:main/root": {
    "criteria": {
      "seeds": "2024-09-22 04:55:53 +0000"
    },
    "done": true
  },
  "aquaculture:recipes/food/cooked_fish_fillet": {
    "criteria": {
      "has_items": "2024-09-22 04:55:53 +0000"
    },
    "done": true
  },
  "mcwfencesbop:recipes/flowering_oak_hedge": {
    "criteria": {
      "has_birch": "2024-09-22 04:55:53 +0000"
    },
    "done": true
  },
  "takesapillage:root": {
    "criteria": {
      "always": "2024-09-22 04:55:53 +0000"
    },
    "done": true
  },
  "mcwfences:recipes/dark_oak": {
    "criteria": {
      "has_dark_oak": "2024-09-22 04:55:53 +0000"
    },
    "done": true
  },
  "aquaculture:recipes/misc/neptunium_ingot_from_neptunium_block": {
    "criteria": {
      "has_items": "2024-09-22 04:55:53 +0000"
    },
    "done": true
  },
  "simplyswords:grant_book_on_first_join": {
    "criteria": {
      "tick": "2024-09-22 04:55:53 +0000"
    },
    "done": true
  },
  "ae2wtlib:recipes/wireless_universal_terminal/upgrade_pattern_access": {
    "criteria": {
      "has_wit": "2024-09-22 04:55:53 +0000"
    },
    "done": true
  },
  "astikorcarts:recipes/supply_cart": {
    "criteria": {
      "has_wheel": "2024-09-22 04:55:53 +0000"
    },
    "done": true
  },
  "mcwfencesbop:recipes/dead": {
    "criteria": {
      "has_acacia": "2024-09-22 04:55:53 +0000"
    },
    "done": true
  },
  "mcwfencesbop:recipes/redwood": {
    "criteria": {
      "has_acacia": "2024-09-22 04:55:53 +0000"
    },
    "done": true
  },
  "mcwfencesbop:recipes/orange_autumn_hedge": {
    "criteria": {
      "has_birch": "2024-09-22 04:55:53 +0000"
    },
    "done": true
  },
  "mcwfencesbop:recipes/rainbow_birch_hedge": {
    "criteria": {
      "has_birch": "2024-09-22 04:55:53 +0000"
    },
    "done": true
  },
  "exoticbirds:recipes/phoenix_egg_from_ender_phoenix": {
    "criteria": {
      "has_egg": "2024-09-22 04:55:53 +0000"
    },
    "done": true
  },
  "born_in_chaos_v1:bornin_chaos": {
    "criteria": {
      "bornin_chaos_0": "2024-09-22 04:55:53 +0000"
    },
    "done": true
  },
  "mcwfencesbop:recipes/mahogany_hedge": {
    "criteria": {
      "has_birch": "2024-09-22 04:55:53 +0000"
    },
    "done": true
  },
  "mcwfences:recipes/acacia": {
    "criteria": {
      "has_acacia": "2024-09-22 04:55:53 +0000"
    },
    "done": true
  },
  "mcwfences:recipes/oak": {
    "criteria": {
      "has_oak": "2024-09-22 04:55:53 +0000"
    },
    "done": true
  },
  "exoticbirds:default/root": {
    "criteria": {
      "launch_mod": "2024-09-22 04:55:53 +0000"
    },
    "done": true
  },
  "aquaculture:recipes/aquaculture/fishing_line": {
    "criteria": {
      "has_items": "2024-09-22 04:55:53 +0000"
    },
    "done": true
  },
  "mcwfencesbop:recipes/fir": {
    "criteria": {
      "has_acacia": "2024-09-22 04:55:53 +0000"
    },
    "done": true
  },
  "astikorcarts:recipes/animal_cart": {
    "criteria": {
      "has_wheel": "2024-09-22 04:55:53 +0000"
    },
    "done": true
  },
  "exoticbirds:recipes/egg_identifier": {
    "criteria": {
      "has_bucket": "2024-09-22 04:55:53 +0000"
    },
    "done": true
  },
  "aquaculture:recipes/tools/diamond_fishing_rod": {
    "criteria": {
      "has_vanilla_rod": "2024-09-22 04:55:53 +0000"
    },
    "done": true
  },
  "mcwfencesbop:recipes/magic_hedge": {
    "criteria": {
      "has_birch": "2024-09-22 04:55:53 +0000"
    },
    "done": true
  },
  "aquaculture:recipes/misc/tin_can_to_iron_nugget": {
    "criteria": {
      "has_items": "2024-09-22 04:55:53 +0000"
    },
    "done": true
  },
  "morevillagers:root": {
    "criteria": {
      "always": "2024-09-22 04:55:53 +0000"
    },
    "done": true
  },
  "mcwfencesbop:recipes/maple_hedge": {
    "criteria": {
      "has_birch": "2024-09-22 04:55:53 +0000"
    },
    "done": true
  },
  "ae2wtlib:recipes/magnet_card": {
    "criteria": {
      "has_wct": "2024-09-22 04:55:53 +0000"
    },
    "done": true
  },
  "exoticbirds:recipes/egg_incubator": {
    "criteria": {
      "has_bucket": "2024-09-22 04:55:53 +0000",
      "has_flint": "2024-09-22 04:55:53 +0000"
    },
    "done": true
  },
  "aquaculture:recipes/misc/gold_nugget_from_smelting": {
    "criteria": {
      "has_fishing_rod": "2024-09-22 04:55:53 +0000",
      "has_fillet_knife": "2024-09-22 04:55:53 +0000"
    },
    "done": true
  },
  "exoticbirds:recipes/phoenix_egg_from_twilight_phoenix": {
    "criteria": {
      "has_egg": "2024-09-22 04:55:53 +0000"
    },
    "done": true
  },
  "aquaculture:recipes/misc/bonemeal_from_fish_bones": {
    "criteria": {
      "has_items": "2024-09-22 04:55:53 +0000"
    },
    "done": true
  },
  "mcwfencesbop:recipes/mahogany": {
    "criteria": {
      "has_acacia": "2024-09-22 04:55:53 +0000"
    },
    "done": true
  },
  "mcwfences:recipes/nether": {
    "criteria": {
      "has_nether_brick": "2024-09-22 04:55:53 +0000"
    },
    "done": true
  },
  "incendium:technical/new_player": {
    "criteria": {
      "requirement": "2024-09-22 04:55:53 +0000"
    },
    "done": true
  },
  "mcwfences:recipes/bamboo": {
    "criteria": {
      "has_bamboo": "2024-09-22 04:55:53 +0000"
    },
    "done": true
  },
  "mcwfences:recipes/spruce": {
    "criteria": {
      "has_spruce": "2024-09-22 04:55:53 +0000"
    },
    "done": true
  },
  "aquaculture:recipes/misc/red_mushroom_from_fish": {
    "criteria": {
      "has_items": "2024-09-22 04:55:53 +0000"
    },
    "done": true
  },
  "mcwfences:recipes/end": {
    "criteria": {
      "has_end_brick": "2024-09-22 04:55:53 +0000"
    },
    "done": true
  },
  "aquaculture:recipes/food/cooked_fish_fillet_from_campfire": {
    "criteria": {
      "has_items": "2024-09-22 04:55:53 +0000"
    },
    "done": true
  },
  "mcwfencesbop:recipes/umbran_hedge": {
    "criteria": {
      "has_birch": "2024-09-22 04:55:53 +0000"
    },
    "done": true
  },
  "mcwfences:recipes/mud_brick": {
    "criteria": {
      "has_qq": "2024-09-22 04:55:53 +0000"
    },
    "done": true
  },
  "cataclysm:root": {
    "criteria": {
      "custom_test_name": "2024-09-22 04:55:53 +0000"
    },
    "done": true
  },
  "exoticbirds:recipes/phoenix_egg_from_skeleton_phoenix": {
    "criteria": {
      "has_egg": "2024-09-22 04:55:53 +0000"
    },
    "done": true
  },
  "mcwfencesbop:recipes/fir_hedge": {
    "criteria": {
      "has_birch": "2024-09-22 04:55:53 +0000"
    },
    "done": true
  },
  "mcwfencesbop:recipes/yellow_autumn_hedge": {
    "criteria": {
      "has_birch": "2024-09-22 04:55:53 +0000"
    },
    "done": true
  },
  "aquaculture:recipes/misc/gold_nugget_from_blasting": {
    "criteria": {
      "has_fishing_rod": "2024-09-22 04:55:53 +0000",
      "has_fillet_knife": "2024-09-22 04:55:53 +0000"
    },
    "done": true
  },
  "aquaculture:recipes/misc/gold_nugget_from_gold_fish": {
    "criteria": {
      "has_items": "2024-09-22 04:55:53 +0000"
    },
    "done": true
  },
  "the_bumblezone:wiki": {
    "criteria": {
      "instant_granted": "2024-09-22 04:55:53 +0000"
    },
    "done": true
  },
  "mcwfencesbop:recipes/umbran": {
    "criteria": {
      "has_acacia": "2024-09-22 04:55:53 +0000"
    },
    "done": true
  },
  "exoticbirds:recipes/phoenix_egg_from_snowy_phoenix": {
    "criteria": {
      "has_egg": "2024-09-22 04:55:53 +0000"
    },
    "done": true
  },
  "mcwfencesbop:recipes/palm": {
    "criteria": {
      "has_acacia": "2024-09-22 04:55:53 +0000"
    },
    "done": true
  },
  "aquaculture:recipes/misc/neptunium_ingot_from_nuggets": {
    "criteria": {
      "has_items": "2024-09-22 04:55:53 +0000"
    },
    "done": true
  },
  "aquaculture:recipes/misc/iron_nugget_from_blasting": {
    "criteria": {
      "has_fishing_rod": "2024-09-22 04:55:53 +0000",
      "has_fillet_knife": "2024-09-22 04:55:53 +0000"
    },
    "done": true
  },
  "aquaculture:recipes/decorations/jungle_fish_mount": {
    "criteria": {
      "has_items": "2024-09-22 04:55:53 +0000"
    },
    "done": true
  },
  "biomesoplenty:biomesoplenty/all_biomes": {
    "criteria": {
      "shrubland": "2024-09-22 05:10:07 +0000",
      "rocky_shrubland": "2024-09-22 05:10:11 +0000",
      "highland": "2024-09-22 05:07:41 +0000",
      "coniferous_forest": "2024-09-22 05:07:01 +0000",
      "fir_clearing": "2024-09-22 05:09:58 +0000",
      "grassland": "2024-09-22 05:16:16 +0000",
      "crag": "2024-09-22 04:55:55 +0000"
    },
    "done": false
  },
  "biomesoplenty:biomesoplenty/root": {
    "criteria": {
      "crag": "2024-09-22 04:55:55 +0000"
    },
    "done": true
  },
  "incendium:technical/using/ragnarok": {
    "criteria": {
      "log_spam_fixer": "2024-09-22 04:55:55 +0000"
    },
    "done": false
  },
  "incendium:technical/using/shield": {
    "criteria": {
      "log_spam_fixer": "2024-09-22 04:55:55 +0000"
    },
    "done": false
  },
  "incendium:technical/scroll_of_returning": {
    "criteria": {
      "log_spam_fixer": "2024-09-22 04:55:55 +0000"
    },
    "done": false
  },
  "incendium:technical/using/trailblazer": {
    "criteria": {
      "log_spam_fixer": "2024-09-22 04:55:55 +0000"
    },
    "done": false
  },
  "immersive_armors:recipes/misc/wooden": {
    "criteria": {
      "has_item": "2024-09-22 05:07:03 +0000"
    },
    "done": true
  },
  "minecraft:recipes/misc/charcoal": {
    "criteria": {
      "has_log": "2024-09-22 05:07:03 +0000"
    },
    "done": true
  },
  "biomesoplenty:recipes/building_blocks/fir_planks": {
    "criteria": {
      "has_logs": "2024-09-22 05:07:03 +0000"
    },
    "done": true
  },
  "naturescompass:natures_compass_sapling": {
    "criteria": {
      "has_recipe": "2024-09-22 05:07:03 +0000"
    },
    "done": true
  },
  "biomesoplenty:recipes/building_blocks/fir_wood": {
    "criteria": {
      "has_log": "2024-09-22 05:07:03 +0000"
    },
    "done": true
  },
  "naturescompass:natures_compass": {
    "criteria": {
      "has_recipe": "2024-09-22 05:07:03 +0000"
    },
    "done": true
  },
  "mcwfurnituresbop:recipes/fir": {
    "criteria": {
      "has_wood": "2024-09-22 05:07:03 +0000"
    },
    "done": true
  },
  "naturescompass:natures_compass_log": {
    "criteria": {
      "has_log": "2024-09-22 05:07:03 +0000"
    },
    "done": true
  },
  "exoticbirds:recipes/pink_birdhouse": {
    "criteria": {
      "has_wood": "2024-09-22 05:09:47 +0000"
    },
    "done": true
  },
  "biomesoplenty:recipes/decorations/fir_fence": {
    "criteria": {
      "has_planks": "2024-09-22 05:09:47 +0000"
    },
    "done": true
  },
  "biomesoplenty:recipes/redstone/fir_door": {
    "criteria": {
      "has_planks": "2024-09-22 05:09:47 +0000"
    },
    "done": true
  },
  "handcrafted:recipes/misc/bear_trophy": {
    "criteria": {
      "has_bear_trophy": "2024-09-22 05:09:47 +0000"
    },
    "done": true
  },
  "exoticbirds:recipes/red_birdhouse": {
    "criteria": {
      "has_wood": "2024-09-22 05:09:47 +0000"
    },
    "done": true
  },
  "design_decor:recipes/building_blocks/wood_support_from_planks_stonecutting": {
    "criteria": {
      "has_planks": "2024-09-22 05:09:47 +0000"
    },
    "done": true
  },
  "astikorcarts:recipes/wheel": {
    "criteria": {
      "has_planks": "2024-09-22 05:09:47 +0000"
    },
    "done": true
  },
  "handcrafted:recipes/misc/goat_trophy": {
    "criteria": {
      "has_goat_trophy": "2024-09-22 05:09:47 +0000"
    },
    "done": true
  },
  "supplementaries:recipes/turn_table": {
    "criteria": {
      "minecraft:planks": "2024-09-22 05:09:47 +0000"
    },
    "done": true
  },
  "exoticbirds:recipes/magenta_birdhouse": {
    "criteria": {
      "has_wood": "2024-09-22 05:09:47 +0000"
    },
    "done": true
  },
  "handcrafted:recipes/misc/blaze_trophy": {
    "criteria": {
      "has_blaze_trophy": "2024-09-22 05:09:47 +0000"
    },
    "done": true
  },
  "handcrafted:recipes/misc/wolf_trophy": {
    "criteria": {
      "has_wolf_trophy": "2024-09-22 05:09:47 +0000"
    },
    "done": true
  },
  "biomesoplenty:recipes/building_blocks/fir_slab": {
    "criteria": {
      "has_planks": "2024-09-22 05:09:47 +0000"
    },
    "done": true
  },
  "exoticbirds:recipes/lime_birdhouse": {
    "criteria": {
      "has_wood": "2024-09-22 05:09:47 +0000"
    },
    "done": true
  },
  "exoticbirds:recipes/purple_birdhouse": {
    "criteria": {
      "has_wood": "2024-09-22 05:09:47 +0000"
    },
    "done": true
  },
  "biomesoplenty:recipes/decorations/fir_sign": {
    "criteria": {
      "has_fir_planks": "2024-09-22 05:09:47 +0000"
    },
    "done": true
  },
  "supplementaries:recipes/notice_board": {
    "criteria": {
      "minecraft:planks": "2024-09-22 05:09:47 +0000"
    },
    "done": true
  },
  "biomesoplenty:recipes/redstone/fir_pressure_plate": {
    "criteria": {
      "has_planks": "2024-09-22 05:09:47 +0000"
    },
    "done": true
  },
  "handcrafted:recipes/misc/skeleton_horse_trophy": {
    "criteria": {
      "has_skeleton_horse_trophy": "2024-09-22 05:09:47 +0000"
    },
    "done": true
  },
  "exoticbirds:recipes/light_blue_birdhouse": {
    "criteria": {
      "has_wood": "2024-09-22 05:09:47 +0000"
    },
    "done": true
  },
  "biomesoplenty:recipes/redstone/fir_button": {
    "criteria": {
      "has_planks": "2024-09-22 05:09:47 +0000"
    },
    "done": true
  },
  "handcrafted:recipes/misc/silverfish_trophy": {
    "criteria": {
      "has_silverfish_trophy": "2024-09-22 05:09:47 +0000"
    },
    "done": true
  },
  "supplementaries:recipes/clock_block": {
    "criteria": {
      "minecraft:planks": "2024-09-22 05:09:47 +0000"
    },
    "done": true
  },
  "exoticbirds:recipes/black_birdhouse": {
    "criteria": {
      "has_wood": "2024-09-22 05:09:47 +0000"
    },
    "done": true
  },
  "exoticbirds:recipes/cyan_birdhouse": {
    "criteria": {
      "has_wood": "2024-09-22 05:09:47 +0000"
    },
    "done": true
  },
  "supplementaries:recipes/speaker_block": {
    "criteria": {
      "minecraft:planks": "2024-09-22 05:09:47 +0000"
    },
    "done": true
  },
  "handcrafted:recipes/misc/fox_trophy": {
    "criteria": {
      "has_fox_trophy": "2024-09-22 05:09:47 +0000"
    },
    "done": true
  },
  "handcrafted:recipes/misc/tropical_fish_trophy": {
    "criteria": {
      "has_tropical_fish_trophy": "2024-09-22 05:09:47 +0000"
    },
    "done": true
  },
  "handcrafted:recipes/misc/pufferfish_trophy": {
    "criteria": {
      "has_pufferfish_trophy": "2024-09-22 05:09:47 +0000"
    },
    "done": true
  },
  "supplementaries:recipes/pulley": {
    "criteria": {
      "minecraft:planks": "2024-09-22 05:09:47 +0000"
    },
    "done": true
  },
  "supplementaries:recipes/decorations/biomesoplenty/sign_post_fir": {
    "criteria": {
      "has_planks": "2024-09-22 05:09:47 +0000"
    },
    "done": true
  },
  "exoticbirds:recipes/light_gray_birdhouse": {
    "criteria": {
      "has_wood": "2024-09-22 05:09:47 +0000"
    },
    "done": true
  },
  "minecraft:recipes/misc/stick": {
    "criteria": {
      "has_planks": "2024-09-22 05:09:47 +0000"
    },
    "done": true
  },
  "exoticbirds:recipes/blue_birdhouse": {
    "criteria": {
      "has_wood": "2024-09-22 05:09:47 +0000"
    },
    "done": true
  },
  "exoticbirds:recipes/roost_box": {
    "criteria": {
      "has_material": "2024-09-22 05:09:47 +0000"
    },
    "done": true
  },
  "exoticbirds:recipes/gray_birdhouse": {
    "criteria": {
      "has_wood": "2024-09-22 05:09:47 +0000"
    },
    "done": true
  },
  "supplementaries:recipes/bed_from_feather_block": {
    "criteria": {
      "minecraft:planks": "2024-09-22 05:09:47 +0000"
    },
    "done": true
  },
  "iceandfire:recipes/misc/earplugs": {
    "criteria": {
      "has_item": "2024-09-22 05:09:47 +0000"
    },
    "done": true
  },
  "handcrafted:recipes/misc/spider_trophy": {
    "criteria": {
      "has_spider_trophy": "2024-09-22 05:09:47 +0000"
    },
    "done": true
  },
  "exoticbirds:recipes/orange_birdhouse": {
    "criteria": {
      "has_wood": "2024-09-22 05:09:47 +0000"
    },
    "done": true
  },
  "handcrafted:recipes/misc/wither_skeleton_trophy": {
    "criteria": {
      "has_wither_skeleton_trophy": "2024-09-22 05:09:47 +0000"
    },
    "done": true
  },
  "supplementaries:recipes/lock_block": {
    "criteria": {
      "minecraft:planks": "2024-09-22 05:09:47 +0000"
    },
    "done": true
  },
  "handcrafted:recipes/misc/salmon_trophy": {
    "criteria": {
      "has_salmon_trophy": "2024-09-22 05:09:47 +0000"
    },
    "done": true
  },
  "exoticbirds:recipes/brown_birdhouse": {
    "criteria": {
      "has_wood": "2024-09-22 05:09:47 +0000"
    },
    "done": true
  },
  "biomesoplenty:recipes/building_blocks/fir_stairs": {
    "criteria": {
      "has_planks": "2024-09-22 05:09:47 +0000"
    },
    "done": true
  },
  "minecraft:recipes/decorations/barrel": {
    "criteria": {
      "has_planks": "2024-09-22 05:09:47 +0000"
    },
    "done": true
  },
  "exoticbirds:recipes/white_birdhouse": {
    "criteria": {
      "has_wood": "2024-09-22 05:09:47 +0000"
    },
    "done": true
  },
  "exoticbirds:recipes/green_birdhouse": {
    "criteria": {
      "has_wood": "2024-09-22 05:09:47 +0000"
    },
    "done": true
  },
  "biomesoplenty:recipes/redstone/fir_fence_gate": {
    "criteria": {
      "has_planks": "2024-09-22 05:09:47 +0000"
    },
    "done": true
  },
  "exoticbirds:recipes/yellow_birdhouse": {
    "criteria": {
      "has_wood": "2024-09-22 05:09:47 +0000"
    },
    "done": true
  },
  "biomesoplenty:recipes/redstone/fir_trapdoor": {
    "criteria": {
      "has_planks": "2024-09-22 05:09:47 +0000"
    },
    "done": true
  },
  "minecraft:story/root": {
    "criteria": {
      "crafting_table": "2024-09-22 05:10:18 +0000"
    },
    "done": true
  },
  "paraglider:root": {
    "criteria": {
      "crafting_table": "2024-09-22 05:10:18 +0000"
    },
    "done": true
  },
  "create:recipes/misc/crafting/appliances/crafting_blueprint": {
    "criteria": {
      "has_item": "2024-09-22 05:10:18 +0000"
    },
    "done": true
  },
  "aquamirae:adventure/root": {
    "criteria": {
      "crafting_table": "2024-09-22 05:10:18 +0000"
    },
    "done": true
  },
  "exoticbirds:recipes/nest": {
    "criteria": {
      "has_stick": "2024-09-22 05:10:24 +0000"
    },
    "done": true
  },
  "supplementaries:recipes/flags/flag_magenta": {
    "criteria": {
      "has_stick": "2024-09-22 05:10:24 +0000"
    },
    "done": true
  },
  "minecraft:recipes/combat/wooden_sword": {
    "criteria": {
      "has_stick": "2024-09-22 05:10:24 +0000"
    },
    "done": true
  },
  "supplementaries:recipes/flags/flag_green": {
    "criteria": {
      "has_stick": "2024-09-22 05:10:24 +0000"
    },
    "done": true
  },
  "supplementaries:recipes/flags/flag_white": {
    "criteria": {
      "has_stick": "2024-09-22 05:10:24 +0000"
    },
    "done": true
  },
  "supplementaries:recipes/timber_cross_brace": {
    "criteria": {
      "forge:rods/wooden": "2024-09-22 05:10:24 +0000"
    },
    "done": true
  },
  "exoticbirds:recipes/mangrove_birdcage": {
    "criteria": {
      "has_stick": "2024-09-22 05:10:24 +0000"
    },
    "done": true
  },
  "exoticbirds:recipes/acacia_birdcage": {
    "criteria": {
      "has_stick": "2024-09-22 05:10:24 +0000"
    },
    "done": true
  },
  "minecraft:recipes/tools/wooden_pickaxe": {
    "criteria": {
      "has_stick": "2024-09-22 05:10:24 +0000"
    },
    "done": true
  },
  "supplementaries:recipes/flags/flag_cyan": {
    "criteria": {
      "has_stick": "2024-09-22 05:10:24 +0000"
    },
    "done": true
  },
  "supplementaries:recipes/flags/flag_orange": {
    "criteria": {
      "has_stick": "2024-09-22 05:10:24 +0000"
    },
    "done": true
  },
  "exoticbirds:recipes/crimson_birdcage": {
    "criteria": {
      "has_stick": "2024-09-22 05:10:24 +0000"
    },
    "done": true
  },
  "aquaculture:recipes/tools/wooden_fillet_knife": {
    "criteria": {
      "has_items": "2024-09-22 05:10:24 +0000"
    },
    "done": true
  },
  "minecraft:recipes/tools/wooden_shovel": {
    "criteria": {
      "has_stick": "2024-09-22 05:10:24 +0000"
    },
    "done": true
  },
  "exoticbirds:recipes/cherry_birdcage": {
    "criteria": {
      "has_stick": "2024-09-22 05:10:24 +0000"
    },
    "done": true
  },
  "sawmill:recipes/sawmill": {
    "criteria": {
      "has_sticks": "2024-09-22 05:10:24 +0000"
    },
    "done": true
  },
  "supplementaries:recipes/flags/flag_blue": {
    "criteria": {
      "has_stick": "2024-09-22 05:10:24 +0000"
    },
    "done": true
  },
  "exoticbirds:recipes/spruce_birdcage": {
    "criteria": {
      "has_stick": "2024-09-22 05:10:24 +0000"
    },
    "done": true
  },
  "supplementaries:recipes/flags/flag_light_gray": {
    "criteria": {
      "has_stick": "2024-09-22 05:10:24 +0000"
    },
    "done": true
  },
  "farmersdelight:recipes/decorations/cutting_board": {
    "criteria": {
      "has_stick": "2024-09-22 05:10:24 +0000"
    },
    "done": true
  },
  "supplementaries:recipes/flags/flag_lime": {
    "criteria": {
      "has_stick": "2024-09-22 05:10:24 +0000"
    },
    "done": true
  },
  "minecraft:recipes/decorations/ladder": {
    "criteria": {
      "has_stick": "2024-09-22 05:10:24 +0000"
    },
    "done": true
  },
  "shieldexp:recipes/wooden_shield": {
    "criteria": {
      "has_stick": "2024-09-22 05:10:24 +0000"
    },
    "done": true
  },
  "minecraft:recipes/tools/wooden_axe": {
    "criteria": {
      "has_stick": "2024-09-22 05:10:24 +0000"
    },
    "done": true
  },
  "mcwwindows:recipes/curtain_rods": {
    "criteria": {
      "has_wood": "2024-09-22 05:10:24 +0000"
    },
    "done": true
  },
  "supplementaries:recipes/daub_cross_brace": {
    "criteria": {
      "forge:rods/wooden": "2024-09-22 05:10:24 +0000"
    },
    "done": true
  },
  "minecraft:recipes/decorations/campfire": {
    "criteria": {
      "has_stick": "2024-09-22 05:10:24 +0000"
    },
    "done": true
  },
  "supplementaries:recipes/timber_brace": {
    "criteria": {
      "forge:rods/wooden": "2024-09-22 05:10:24 +0000"
    },
    "done": true
  },
  "exoticbirds:recipes/jungle_birdcage": {
    "criteria": {
      "has_stick": "2024-09-22 05:10:24 +0000"
    },
    "done": true
  },
  "paraglider:recipes/misc/paraglider": {
    "criteria": {
      "has_stick": "2024-09-22 05:10:24 +0000"
    },
    "done": true
  },
  "supplementaries:recipes/flags/flag_black": {
    "criteria": {
      "has_stick": "2024-09-22 05:10:24 +0000"
    },
    "done": true
  },
  "supplementaries:recipes/flags/flag_purple": {
    "criteria": {
      "has_stick": "2024-09-22 05:10:24 +0000"
    },
    "done": true
  },
  "exoticbirds:recipes/iron_birdcage": {
    "criteria": {
      "has_stick": "2024-09-22 05:10:24 +0000"
    },
    "done": true
  },
  "exoticbirds:recipes/birch_birdcage": {
    "criteria": {
      "has_stick": "2024-09-22 05:10:24 +0000"
    },
    "done": true
  },
  "supplementaries:recipes/flags/flag_gray": {
    "criteria": {
      "has_stick": "2024-09-22 05:10:24 +0000"
    },
    "done": true
  },
  "supplementaries:recipes/faucet": {
    "criteria": {
      "forge:rods/wooden": "2024-09-22 05:10:24 +0000"
    },
    "done": true
  },
  "supplementaries:recipes/flags/flag_light_blue": {
    "criteria": {
      "has_stick": "2024-09-22 05:10:24 +0000"
    },
    "done": true
  },
  "supplementaries:recipes/daub_brace": {
    "criteria": {
      "forge:rods/wooden": "2024-09-22 05:10:24 +0000"
    },
    "done": true
  },
  "exoticbirds:recipes/bamboo_birdcage": {
    "criteria": {
      "has_stick": "2024-09-22 05:10:24 +0000"
    },
    "done": true
  },
  "supplementaries:recipes/flags/flag_red": {
    "criteria": {
      "has_stick": "2024-09-22 05:10:24 +0000"
    },
    "done": true
  },
  "supplementaries:recipes/crank": {
    "criteria": {
      "forge:rods/wooden": "2024-09-22 05:10:24 +0000"
    },
    "done": true
  },
  "exoticbirds:recipes/warped_birdcage": {
    "criteria": {
      "has_stick": "2024-09-22 05:10:24 +0000"
    },
    "done": true
  },
  "supplementaries:recipes/flags/flag_pink": {
    "criteria": {
      "has_stick": "2024-09-22 05:10:24 +0000"
    },
    "done": true
  },
  "supplementaries:recipes/timber_frame": {
    "criteria": {
      "forge:rods/wooden": "2024-09-22 05:10:24 +0000"
    },
    "done": true
  },
  "minecraft:recipes/tools/wooden_hoe": {
    "criteria": {
      "has_stick": "2024-09-22 05:10:24 +0000"
    },
    "done": true
  },
  "supplementaries:recipes/slingshot": {
    "criteria": {
      "forge:rods/wooden": "2024-09-22 05:10:24 +0000"
    },
    "done": true
  },
  "exoticbirds:recipes/gold_birdcage": {
    "criteria": {
      "has_stick": "2024-09-22 05:10:24 +0000"
    },
    "done": true
  },
  "ae2:recipes/misc/network/blocks/crank": {
    "criteria": {
      "has_stick": "2024-09-22 05:10:24 +0000"
    },
    "done": true
  },
  "supplementaries:recipes/flags/flag_brown": {
    "criteria": {
      "has_stick": "2024-09-22 05:10:24 +0000"
    },
    "done": true
  },
  "farmersdelight:recipes/combat/flint_knife": {
    "criteria": {
      "has_stick": "2024-09-22 05:10:24 +0000"
    },
    "done": true
  },
  "exoticbirds:recipes/oak_birdcage": {
    "criteria": {
      "has_stick": "2024-09-22 05:10:24 +0000"
    },
    "done": true
  },
  "exoticbirds:recipes/dark_oak_birdcage": {
    "criteria": {
      "has_stick": "2024-09-22 05:10:24 +0000"
    },
    "done": true
  },
  "supplementaries:recipes/daub_frame": {
    "criteria": {
      "forge:rods/wooden": "2024-09-22 05:10:24 +0000"
    },
    "done": true
  },
  "supplementaries:recipes/flags/flag_yellow": {
    "criteria": {
      "has_stick": "2024-09-22 05:10:24 +0000"
    },
    "done": true
  },
  "aether:recipes/tools/wooden_pickaxe_repairing": {
    "criteria": {
      "has_wooden_pickaxe": "2024-09-22 05:10:31 +0000"
    },
    "done": true
  },
  "mcwlights:recipes/torches": {
    "criteria": {
      "has_wood": "2024-09-22 05:10:34 +0000"
    },
    "done": true
  },
  "mcwbridges:recipes/bridge_lantern": {
    "criteria": {
      "has_planks": "2024-09-22 05:10:34 +0000"
    },
    "done": true
  },
  "minecraft:recipes/building_blocks/coal_block": {
    "criteria": {
      "has_coal": "2024-09-22 05:10:34 +0000"
    },
    "done": true
  },
  "valhelsia_structures:recipes/decorations/brazier": {
    "criteria": {
      "has_coals": "2024-09-22 05:10:34 +0000"
    },
    "done": true
  },
  "minecraft:recipes/building_blocks/cobblestone_slab": {
    "criteria": {
      "has_cobblestone": "2024-09-22 05:10:41 +0000"
    },
    "done": true
  },
  "minecraft:recipes/building_blocks/cobblestone_stairs": {
    "criteria": {
      "has_cobblestone": "2024-09-22 05:10:41 +0000"
    },
    "done": true
  },
  "minecraft:recipes/combat/stone_sword": {
    "criteria": {
      "has_cobblestone": "2024-09-22 05:10:41 +0000"
    },
    "done": true
  },
  "minecraft:recipes/decorations/cobblestone_wall": {
    "criteria": {
      "has_cobblestone": "2024-09-22 05:10:41 +0000"
    },
    "done": true
  },
  "minecraft:recipes/tools/stone_axe": {
    "criteria": {
      "has_cobblestone": "2024-09-22 05:10:41 +0000"
    },
    "done": true
  },
  "mcwbridges:recipes/cobblestone_bridge_pier": {
    "criteria": {
      "has_planks": "2024-09-22 05:10:41 +0000"
    },
    "done": true
  },
  "minecraft:story/mine_stone": {
    "criteria": {
      "get_stone": "2024-09-22 05:10:41 +0000"
    },
    "done": true
  },
  "minecraft:recipes/decorations/furnace": {
    "criteria": {
      "has_cobblestone": "2024-09-22 05:10:41 +0000"
    },
    "done": true
  },
  "minecraft:recipes/tools/stone_shovel": {
    "criteria": {
      "has_cobblestone": "2024-09-22 05:10:41 +0000"
    },
    "done": true
  },
  "mcwbridges:recipes/cobblestone_bridge": {
    "criteria": {
      "has_planks": "2024-09-22 05:10:41 +0000"
    },
    "done": true
  },
  "minecraft:recipes/building_blocks/cobblestone_stairs_from_cobblestone_stonecutting": {
    "criteria": {
      "has_cobblestone": "2024-09-22 05:10:41 +0000"
    },
    "done": true
  },
  "minecraft:recipes/tools/stone_hoe": {
    "criteria": {
      "has_cobblestone": "2024-09-22 05:10:41 +0000"
    },
    "done": true
  },
  "minecraft:recipes/decorations/cobblestone_wall_from_cobblestone_stonecutting": {
    "criteria": {
      "has_cobblestone": "2024-09-22 05:10:41 +0000"
    },
    "done": true
  },
  "minecraft:recipes/redstone/lever": {
    "criteria": {
      "has_cobblestone": "2024-09-22 05:10:41 +0000"
    },
    "done": true
  },
  "supplementaries:recipes/checker": {
    "criteria": {
      "has_cobblestone": "2024-09-22 05:10:41 +0000"
    },
    "done": true
  },
  "mcwbridges:recipes/balustrade_cobblestone_bridge": {
    "criteria": {
      "has_planks": "2024-09-22 05:10:41 +0000"
    },
    "done": true
  },
  "mcwpaths:recipes/cobblestone": {
    "criteria": {
      "has_wood": "2024-09-22 05:10:41 +0000"
    },
    "done": true
  },
  "aquaculture:recipes/tools/stone_fillet_knife": {
    "criteria": {
      "has_items": "2024-09-22 05:10:41 +0000"
    },
    "done": true
  },
  "minecraft:recipes/building_blocks/cobblestone_slab_from_cobblestone_stonecutting": {
    "criteria": {
      "has_cobblestone": "2024-09-22 05:10:41 +0000"
    },
    "done": true
  },
  "minecraft:recipes/building_blocks/stone": {
    "criteria": {
      "has_cobblestone": "2024-09-22 05:10:41 +0000"
    },
    "done": true
  },
  "minecraft:recipes/tools/stone_pickaxe": {
    "criteria": {
      "has_cobblestone": "2024-09-22 05:10:41 +0000"
    },
    "done": true
  },
  "additionallanterns:recipes/misc/cobblestone_chain": {
    "criteria": {
      "recipe_condition": "2024-09-22 05:10:41 +0000"
    },
    "done": true
  },
  "mcwbridges:recipes/cobblestone_bridge_stair": {
    "criteria": {
      "has_planks": "2024-09-22 05:10:41 +0000"
    },
    "done": true
  },
  "minecraft:story/upgrade_tools": {
    "criteria": {
      "stone_pickaxe": "2024-09-22 05:12:09 +0000"
    },
    "done": true
  },
  "aether:recipes/tools/stone_pickaxe_repairing": {
    "criteria": {
      "has_stone_pickaxe": "2024-09-22 05:12:09 +0000"
    },
    "done": true
  },
  "mcwlights:recipes/tiki_torches": {
    "criteria": {
      "has_the_recipe": "2024-09-22 05:12:09 +0000"
    },
    "done": true
  },
  "mcwlights:recipes/lantern": {
    "criteria": {
      "has_the_recipe": "2024-09-22 05:12:09 +0000"
    },
    "done": true
  },
  "mcwlights:recipes/paper_lamp": {
    "criteria": {
      "has_the_recipe": "2024-09-22 05:12:09 +0000"
    },
    "done": true
  },
  "minecraft:recipes/decorations/torch": {
    "criteria": {
      "has_stone_pickaxe": "2024-09-22 05:12:09 +0000"
    },
    "done": true
  },
  "minecraft:recipes/decorations/chest": {
    "criteria": {
      "has_lots_of_items": "2024-09-22 05:12:16 +0000"
    },
    "done": true
  },
  "aether:recipes/decorations/skyroot_chest": {
    "criteria": {
      "has_lots_of_items": "2024-09-22 05:12:16 +0000"
    },
    "done": true
  },
  "aether:recipes/combat/stone_sword_repairing": {
    "criteria": {
      "has_stone_sword": "2024-09-22 05:12:19 +0000"
    },
    "done": true
  },
  "sliceanddice:recipes/misc/slicer": {
    "criteria": {
      "has_tool": "2024-09-22 05:12:25 +0000"
    },
    "done": true
  },
  "aether:recipes/tools/stone_axe_repairing": {
    "criteria": {
      "has_stone_axe": "2024-09-22 05:12:25 +0000"
    },
    "done": true
  },
  "aether:recipes/tools/stone_shovel_repairing": {
    "criteria": {
      "has_stone_shovel": "2024-09-22 05:12:28 +0000"
    },
    "done": true
  },
  "alexsmobs:alexsmobs/root": {
    "criteria": {
      "useitem": "2024-09-22 05:12:48 +0000"
    },
    "done": true
  },
  "minecraft:husbandry/root": {
    "criteria": {
      "consumed_item": "2024-09-22 05:12:48 +0000"
    },
    "done": true
  },
  "additionallanterns:recipes/misc/end_stone_lantern": {
    "criteria": {
      "recipe_condition": "2024-09-22 05:13:10 +0000"
    },
    "done": true
  },
  "additionallanterns:recipes/misc/stone_lantern": {
    "criteria": {
      "recipe_condition": "2024-09-22 05:13:10 +0000"
    },
    "done": true
  },
  "additionallanterns:recipes/misc/cobblestone_lantern": {
    "criteria": {
      "recipe_condition": "2024-09-22 05:13:10 +0000"
    },
    "done": true
  },
  "additionallanterns:recipes/misc/netherite_lantern": {
    "criteria": {
      "recipe_condition": "2024-09-22 05:13:10 +0000"
    },
    "done": true
  },
  "additionallanterns:recipes/misc/bricks_lantern": {
    "criteria": {
      "recipe_condition": "2024-09-22 05:13:10 +0000"
    },
    "done": true
  },
  "additionallanterns:recipes/misc/smooth_stone_lantern": {
    "criteria": {
      "recipe_condition": "2024-09-22 05:13:10 +0000"
    },
    "done": true
  },
  "additionallanterns:recipes/misc/emerald_lantern": {
    "criteria": {
      "recipe_condition": "2024-09-22 05:13:10 +0000"
    },
    "done": true
  },
  "additionallanterns:recipes/misc/andesite_lantern": {
    "criteria": {
      "recipe_condition": "2024-09-22 05:13:10 +0000"
    },
    "done": true
  },
  "additionallanterns:recipes/misc/diorite_lantern": {
    "criteria": {
      "recipe_condition": "2024-09-22 05:13:10 +0000"
    },
    "done": true
  },
  "additionallanterns:recipes/misc/diamond_lantern": {
    "criteria": {
      "recipe_condition": "2024-09-22 05:13:10 +0000"
    },
    "done": true
  },
  "additionallanterns:recipes/misc/cobbled_deepslate_lantern": {
    "criteria": {
      "recipe_condition": "2024-09-22 05:13:10 +0000"
    },
    "done": true
  },
  "additionallanterns:recipes/misc/crimson_lantern": {
    "criteria": {
      "recipe_condition": "2024-09-22 05:13:10 +0000"
    },
    "done": true
  },
  "additionallanterns:recipes/misc/gold_lantern": {
    "criteria": {
      "recipe_condition": "2024-09-22 05:13:10 +0000"
    },
    "done": true
  },
  "additionallanterns:recipes/misc/bone_lantern": {
    "criteria": {
      "recipe_condition": "2024-09-22 05:13:10 +0000"
    },
    "done": true
  },
  "additionallanterns:recipes/misc/normal_nether_bricks_lantern": {
    "criteria": {
      "recipe_condition": "2024-09-22 05:13:10 +0000"
    },
    "done": true
  },
  "additionallanterns:recipes/misc/dark_prismarine_lantern": {
    "criteria": {
      "recipe_condition": "2024-09-22 05:13:10 +0000"
    },
    "done": true
  },
  "additionallanterns:recipes/misc/basalt_lantern": {
    "criteria": {
      "recipe_condition": "2024-09-22 05:13:10 +0000"
    },
    "done": true
  },
  "mcwbridges:recipes/bridge_torch": {
    "criteria": {
      "has_planks": "2024-09-22 05:13:10 +0000"
    },
    "done": true
  },
  "additionallanterns:recipes/misc/iron_lantern": {
    "criteria": {
      "recipe_condition": "2024-09-22 05:13:10 +0000"
    },
    "done": true
  },
  "additionallanterns:recipes/misc/mossy_cobblestone_lantern": {
    "criteria": {
      "recipe_condition": "2024-09-22 05:13:10 +0000"
    },
    "done": true
  },
  "additionallanterns:recipes/misc/stone_bricks_lantern": {
    "criteria": {
      "recipe_condition": "2024-09-22 05:13:10 +0000"
    },
    "done": true
  },
  "additionallanterns:recipes/misc/deepslate_bricks_lantern": {
    "criteria": {
      "recipe_condition": "2024-09-22 05:13:10 +0000"
    },
    "done": true
  },
  "additionallanterns:recipes/misc/copper_lantern": {
    "criteria": {
      "recipe_condition": "2024-09-22 05:13:10 +0000"
    },
    "done": true
  },
  "additionallanterns:recipes/misc/purpur_lantern": {
    "criteria": {
      "recipe_condition": "2024-09-22 05:13:10 +0000"
    },
    "done": true
  },
  "additionallanterns:recipes/misc/granite_lantern": {
    "criteria": {
      "recipe_condition": "2024-09-22 05:13:10 +0000"
    },
    "done": true
  },
  "additionallanterns:recipes/misc/red_nether_bricks_lantern": {
    "criteria": {
      "recipe_condition": "2024-09-22 05:13:10 +0000"
    },
    "done": true
  },
  "additionallanterns:recipes/misc/obsidian_lantern": {
    "criteria": {
      "recipe_condition": "2024-09-22 05:13:10 +0000"
    },
    "done": true
  },
  "additionallanterns:recipes/misc/warped_lantern": {
    "criteria": {
      "recipe_condition": "2024-09-22 05:13:10 +0000"
    },
    "done": true
  },
  "additionallanterns:recipes/misc/amethyst_lantern": {
    "criteria": {
      "recipe_condition": "2024-09-22 05:13:10 +0000"
    },
    "done": true
  },
  "additionallanterns:recipes/misc/red_sandstone_lantern": {
    "criteria": {
      "recipe_condition": "2024-09-22 05:13:10 +0000"
    },
    "done": true
  },
  "additionallanterns:recipes/misc/normal_sandstone_lantern": {
    "criteria": {
      "recipe_condition": "2024-09-22 05:13:10 +0000"
    },
    "done": true
  },
  "additionallanterns:recipes/misc/prismarine_lantern": {
    "criteria": {
      "recipe_condition": "2024-09-22 05:13:10 +0000"
    },
    "done": true
  },
  "supplementaries:recipes/sconce": {
    "criteria": {
      "has_torch": "2024-09-22 05:13:10 +0000"
    },
    "done": true
  },
  "additionallanterns:recipes/misc/quartz_lantern": {
    "criteria": {
      "recipe_condition": "2024-09-22 05:13:10 +0000"
    },
    "done": true
  },
  "additionallanterns:recipes/misc/blackstone_lantern": {
    "criteria": {
      "recipe_condition": "2024-09-22 05:13:10 +0000"
    },
    "done": true
  },
  "minecraft:recipes/building_blocks/raw_iron_block": {
    "criteria": {
      "has_raw_iron": "2024-09-22 05:13:32 +0000"
    },
    "done": true
  },
  "minecraft:recipes/misc/iron_ingot_from_smelting_raw_iron": {
    "criteria": {
      "has_raw_iron": "2024-09-22 05:13:32 +0000"
    },
    "done": true
  },
  "minecraft:recipes/misc/iron_ingot_from_blasting_raw_iron": {
    "criteria": {
      "has_raw_iron": "2024-09-22 05:13:32 +0000"
    },
    "done": true
  },
  "farlanders:root": {
    "criteria": {
      "attack_anything": "2024-09-22 05:15:56 +0000"
    },
    "done": true
  },
  "mutantmonsters:root": {
    "criteria": {
      "killed_something": "2024-09-22 05:16:01 +0000"
    },
    "done": true
  },
  "minecraft:adventure/root": {
    "criteria": {
      "killed_something": "2024-09-22 05:16:01 +0000"
    },
    "done": true
  },
  "minecraft:recipes/food/cooked_porkchop_from_smoking": {
    "criteria": {
      "has_porkchop": "2024-09-22 05:16:02 +0000"
    },
    "done": true
  },
  "farmersdelight:recipes/cooking/pumpkin_soup": {
    "criteria": {
      "has_any_ingredient": "2024-09-22 05:16:02 +0000"
    },
    "done": true
  },
  "minecraft:recipes/food/cooked_porkchop": {
    "criteria": {
      "has_porkchop": "2024-09-22 05:16:02 +0000"
    },
    "done": true
  },
  "supplementaries:recipes/soap": {
    "criteria": {
      "has_porkchop": "2024-09-22 05:16:02 +0000"
    },
    "done": true
  },
  "iceandfire:recipes/misc/dragon_meal": {
    "criteria": {
      "has_item": "2024-09-22 05:16:02 +0000"
    },
    "done": true
  },
  "farmersdelight:recipes/cooking/noodle_soup": {
    "criteria": {
      "has_any_ingredient": "2024-09-22 05:16:02 +0000"
    },
    "done": true
  },
  "minecraft:recipes/food/cooked_porkchop_from_campfire_cooking": {
    "criteria": {
      "has_porkchop": "2024-09-22 05:16:02 +0000"
    },
    "done": true
  },
  "smallships:recipes/transportation/bamboo_galley": {
    "criteria": {
      "in_water": "2024-09-22 05:16:40 +0000"
    },
    "done": true
  },
  "smallships:recipes/transportation/acacia_cog": {
    "criteria": {
      "in_water": "2024-09-22 05:16:40 +0000"
    },
    "done": true
  },
  "ecologics:recipes/ecologics/azalea_boat": {
    "criteria": {
      "in_water": "2024-09-22 05:16:40 +0000"
    },
    "done": true
  },
  "biomesoplenty:recipes/transportation/willow_boat": {
    "criteria": {
      "in_water": "2024-09-22 05:16:40 +0000"
    },
    "done": true
  },
  "biomesoplenty:recipes/transportation/dead_boat": {
    "criteria": {
      "in_water": "2024-09-22 05:16:40 +0000"
    },
    "done": true
  },
  "biomesoplenty:recipes/transportation/magic_boat": {
    "criteria": {
      "in_water": "2024-09-22 05:16:40 +0000"
    },
    "done": true
  },
  "smallships:recipes/transportation/jungle_brigg": {
    "criteria": {
      "in_water": "2024-09-22 05:16:40 +0000"
    },
    "done": true
  },
  "smallships:recipes/transportation/birch_cog": {
    "criteria": {
      "in_water": "2024-09-22 05:16:40 +0000"
    },
    "done": true
  },
  "smallships:recipes/transportation/bamboo_brigg": {
    "criteria": {
      "in_water": "2024-09-22 05:16:40 +0000"
    },
    "done": true
  },
  "twilightforest:recipes/transportation/mangrove_boat": {
    "criteria": {
      "in_water": "2024-09-22 05:16:40 +0000"
    },
    "done": true
  },
  "biomesoplenty:recipes/transportation/redwood_boat": {
    "criteria": {
      "in_water": "2024-09-22 05:16:40 +0000"
    },
    "done": true
  },
  "smallships:recipes/transportation/mangrove_galley": {
    "criteria": {
      "in_water": "2024-09-22 05:16:40 +0000"
    },
    "done": true
  },
  "smallships:recipes/transportation/cherry_drakkar": {
    "criteria": {
      "in_water": "2024-09-22 05:16:40 +0000"
    },
    "done": true
  },
  "smallships:recipes/transportation/dark_oak_drakkar": {
    "criteria": {
      "in_water": "2024-09-22 05:16:40 +0000"
    },
    "done": true
  },
  "twilightforest:recipes/transportation/canopy_boat": {
    "criteria": {
      "in_water": "2024-09-22 05:16:40 +0000"
    },
    "done": true
  },
  "smallships:recipes/transportation/birch_brigg": {
    "criteria": {
      "in_water": "2024-09-22 05:16:40 +0000"
    },
    "done": true
  },
  "biomesoplenty:recipes/transportation/palm_boat": {
    "criteria": {
      "in_water": "2024-09-22 05:16:40 +0000"
    },
    "done": true
  },
  "smallships:recipes/transportation/spruce_brigg": {
    "criteria": {
      "in_water": "2024-09-22 05:16:40 +0000"
    },
    "done": true
  },
  "smallships:recipes/transportation/bamboo_drakkar": {
    "criteria": {
      "in_water": "2024-09-22 05:16:40 +0000"
    },
    "done": true
  },
  "minecraft:recipes/transportation/bamboo_raft": {
    "criteria": {
      "in_water": "2024-09-22 05:16:40 +0000"
    },
    "done": true
  },
  "smallships:recipes/transportation/mangrove_brigg": {
    "criteria": {
      "in_water": "2024-09-22 05:16:40 +0000"
    },
    "done": true
  },
  "ecologics:recipes/ecologics/walnut_boat": {
    "criteria": {
      "in_water": "2024-09-22 05:16:40 +0000"
    },
    "done": true
  },
  "smallships:recipes/transportation/mangrove_drakkar": {
    "criteria": {
      "in_water": "2024-09-22 05:16:40 +0000"
    },
    "done": true
  },
  "smallships:recipes/misc/sail": {
    "criteria": {
      "in_water": "2024-09-22 05:16:40 +0000"
    },
    "done": true
  },
  "smallships:recipes/transportation/acacia_galley": {
    "criteria": {
      "in_water": "2024-09-22 05:16:40 +0000"
    },
    "done": true
  },
  "smallships:recipes/transportation/jungle_galley": {
    "criteria": {
      "in_water": "2024-09-22 05:16:40 +0000"
    },
    "done": true
  },
  "smallships:recipes/transportation/dark_oak_galley": {
    "criteria": {
      "in_water": "2024-09-22 05:16:40 +0000"
    },
    "done": true
  },
  "smallships:recipes/transportation/oak_galley": {
    "criteria": {
      "in_water": "2024-09-22 05:16:40 +0000"
    },
    "done": true
  },
  "minecraft:recipes/transportation/birch_boat": {
    "criteria": {
      "in_water": "2024-09-22 05:16:40 +0000"
    },
    "done": true
  },
  "minecraft:recipes/transportation/oak_boat": {
    "criteria": {
      "in_water": "2024-09-22 05:16:40 +0000"
    },
    "done": true
  },
  "smallships:recipes/transportation/dark_oak_cog": {
    "criteria": {
      "in_water": "2024-09-22 05:16:40 +0000"
    },
    "done": true
  },
  "smallships:recipes/transportation/acacia_drakkar": {
    "criteria": {
      "in_water": "2024-09-22 05:16:40 +0000"
    },
    "done": true
  },
  "smallships:recipes/transportation/cherry_galley": {
    "criteria": {
      "in_water": "2024-09-22 05:16:40 +0000"
    },
    "done": true
  },
  "deeperdarker:recipes/transportation/echo_boat": {
    "criteria": {
      "in_water": "2024-09-22 05:16:40 +0000"
    },
    "done": true
  },
  "smallships:recipes/transportation/spruce_cog": {
    "criteria": {
      "in_water": "2024-09-22 05:16:40 +0000"
    },
    "done": true
  },
  "aether:recipes/transportation/skyroot_boat": {
    "criteria": {
      "in_water": "2024-09-22 05:16:40 +0000"
    },
    "done": true
  },
  "deeperdarker:recipes/transportation/bloom_boat": {
    "criteria": {
      "in_water": "2024-09-22 05:16:40 +0000"
    },
    "done": true
  },
  "smallships:recipes/transportation/jungle_cog": {
    "criteria": {
      "in_water": "2024-09-22 05:16:40 +0000"
    },
    "done": true
  },
  "minecraft:recipes/transportation/cherry_boat": {
    "criteria": {
      "in_water": "2024-09-22 05:16:40 +0000"
    },
    "done": true
  },
  "smallships:recipes/transportation/oak_drakkar": {
    "criteria": {
      "in_water": "2024-09-22 05:16:40 +0000"
    },
    "done": true
  },
  "smallships:recipes/transportation/spruce_galley": {
    "criteria": {
      "in_water": "2024-09-22 05:16:40 +0000"
    },
    "done": true
  },
  "minecraft:recipes/transportation/acacia_boat": {
    "criteria": {
      "in_water": "2024-09-22 05:16:40 +0000"
    },
    "done": true
  },
  "minecraft:recipes/transportation/jungle_boat": {
    "criteria": {
      "in_water": "2024-09-22 05:16:40 +0000"
    },
    "done": true
  },
  "twilightforest:recipes/transportation/mining_boat": {
    "criteria": {
      "in_water": "2024-09-22 05:16:40 +0000"
    },
    "done": true
  },
  "smallships:recipes/transportation/bamboo_cog": {
    "criteria": {
      "in_water": "2024-09-22 05:16:40 +0000"
    },
    "done": true
  },
  "biomesoplenty:recipes/transportation/fir_boat": {
    "criteria": {
      "in_water": "2024-09-22 05:16:40 +0000"
    },
    "done": true
  },
  "minecraft:recipes/transportation/spruce_boat": {
    "criteria": {
      "in_water": "2024-09-22 05:16:40 +0000"
    },
    "done": true
  },
  "smallships:recipes/transportation/acacia_brigg": {
    "criteria": {
      "in_water": "2024-09-22 05:16:40 +0000"
    },
    "done": true
  },
  "minecraft:recipes/transportation/mangrove_boat": {
    "criteria": {
      "in_water": "2024-09-22 05:16:40 +0000"
    },
    "done": true
  },
  "biomesoplenty:recipes/transportation/hellbark_boat": {
    "criteria": {
      "in_water": "2024-09-22 05:16:40 +0000"
    },
    "done": true
  },
  "biomesoplenty:recipes/transportation/jacaranda_boat": {
    "criteria": {
      "in_water": "2024-09-22 05:16:40 +0000"
    },
    "done": true
  },
  "smallships:recipes/transportation/jungle_drakkar": {
    "criteria": {
      "in_water": "2024-09-22 05:16:40 +0000"
    },
    "done": true
  },
  "ecologics:recipes/ecologics/coconut_boat": {
    "criteria": {
      "in_water": "2024-09-22 05:16:40 +0000"
    },
    "done": true
  },
  "ecologics:recipes/ecologics/flowering_azalea_boat": {
    "criteria": {
      "in_water": "2024-09-22 05:16:40 +0000"
    },
    "done": true
  },
  "smallships:recipes/transportation/cherry_brigg": {
    "criteria": {
      "in_water": "2024-09-22 05:16:40 +0000"
    },
    "done": true
  },
  "twilightforest:recipes/transportation/sorting_boat": {
    "criteria": {
      "in_water": "2024-09-22 05:16:40 +0000"
    },
    "done": true
  },
  "smallships:recipes/transportation/mangrove_cog": {
    "criteria": {
      "in_water": "2024-09-22 05:16:40 +0000"
    },
    "done": true
  },
  "minecraft:recipes/transportation/dark_oak_boat": {
    "criteria": {
      "in_water": "2024-09-22 05:16:40 +0000"
    },
    "done": true
  },
  "smallships:recipes/transportation/dark_oak_brigg": {
    "criteria": {
      "in_water": "2024-09-22 05:16:40 +0000"
    },
    "done": true
  },
  "smallships:recipes/transportation/birch_galley": {
    "criteria": {
      "in_water": "2024-09-22 05:16:40 +0000"
    },
    "done": true
  },
  "biomesoplenty:recipes/transportation/umbran_boat": {
    "criteria": {
      "in_water": "2024-09-22 05:16:40 +0000"
    },
    "done": true
  },
  "fishofthieves:root": {
    "criteria": {
      "in_water": "2024-09-22 05:16:40 +0000"
    },
    "done": true
  },
  "smallships:recipes/transportation/spruce_drakkar": {
    "criteria": {
      "in_water": "2024-09-22 05:16:40 +0000"
    },
    "done": true
  },
  "twilightforest:recipes/transportation/twilight_oak_boat": {
    "criteria": {
      "in_water": "2024-09-22 05:16:40 +0000"
    },
    "done": true
  },
  "twilightforest:recipes/transportation/time_boat": {
    "criteria": {
      "in_water": "2024-09-22 05:16:40 +0000"
    },
    "done": true
  },
  "smallships:recipes/transportation/oak_brigg": {
    "criteria": {
      "in_water": "2024-09-22 05:16:40 +0000"
    },
    "done": true
  },
  "twilightforest:recipes/transportation/transformation_boat": {
    "criteria": {
      "in_water": "2024-09-22 05:16:40 +0000"
    },
    "done": true
  },
  "smallships:recipes/transportation/oak_cog": {
    "criteria": {
      "in_water": "2024-09-22 05:16:40 +0000"
    },
    "done": true
  },
  "smallships:recipes/transportation/birch_drakkar": {
    "criteria": {
      "in_water": "2024-09-22 05:16:40 +0000"
    },
    "done": true
  },
  "biomesoplenty:recipes/transportation/mahogany_boat": {
    "criteria": {
      "in_water": "2024-09-22 05:16:40 +0000"
    },
    "done": true
  },
  "twilightforest:recipes/transportation/dark_boat": {
    "criteria": {
      "in_water": "2024-09-22 05:16:40 +0000"
    },
    "done": true
  },
  "smallships:recipes/transportation/cherry_cog": {
    "criteria": {
      "in_water": "2024-09-22 05:16:40 +0000"
    },
    "done": true
  },
  "minecraft:adventure/adventuring_time": {
    "criteria": {
      "minecraft:birch_forest": "2024-09-22 05:34:15 +0000",
      "minecraft:dark_forest": "2024-09-22 05:18:55 +0000",
      "minecraft:river": "2024-09-22 05:22:31 +0000",
      "minecraft:old_growth_birch_forest": "2024-09-22 05:34:23 +0000"
    },
    "done": false
  },
  "morevillagers:all_workstations_get": {
    "criteria": {
      "grindstone": "2024-09-22 05:19:05 +0000"
    },
    "done": false
  },
  "morevillagers:first_workstation_get": {
    "criteria": {
      "grindstone": "2024-09-22 05:19:05 +0000"
    },
    "done": true
  },
  "createdeco:recipes/decorations/iron_catwalk_stairs_from_stonecutting": {
    "criteria": {
      "has_item": "2024-09-22 05:19:09 +0000"
    },
    "done": true
  },
  "ironchest:recipes/decorations/upgrades/wood_to_iron_chest_upgrade": {
    "criteria": {
      "has_iron_ingot": "2024-09-22 05:19:09 +0000"
    },
    "done": true
  },
  "minecraft:recipes/combat/iron_helmet": {
    "criteria": {
      "has_iron_ingot": "2024-09-22 05:19:09 +0000"
    },
    "done": true
  },
  "handcrafted:recipes/misc/hammer": {
    "criteria": {
      "has_hammer": "2024-09-22 05:19:09 +0000"
    },
    "done": true
  },
  "supplementaries:recipes/candle_holders/candle_holder_gray": {
    "criteria": {
      "has_iron_ingot": "2024-09-22 05:19:09 +0000"
    },
    "done": true
  },
  "ironchest:recipes/decorations/chests/copper_iron_chest": {
    "criteria": {
      "has_iron_ingot": "2024-09-22 05:19:09 +0000"
    },
    "done": true
  },
  "valhelsia_structures:recipes/building_blocks/metal_framed_glass": {
    "criteria": {
      "has_ingots/iron": "2024-09-22 05:19:09 +0000"
    },
    "done": true
  },
  "supplementaries:recipes/candle_holders/candle_holder_light_gray": {
    "criteria": {
      "has_iron_ingot": "2024-09-22 05:19:09 +0000"
    },
    "done": true
  },
  "betterarcheology:recipes/recipe_iron_brush": {
    "criteria": {
      "has_item": "2024-09-22 05:19:09 +0000",
      "has_the_recipe": "2024-09-22 05:19:09 +0000"
    },
    "done": true
  },
  "createdeco:recipes/building_blocks/iron_window": {
    "criteria": {
      "has_item": "2024-09-22 05:19:09 +0000"
    },
    "done": true
  },
  "minecraft:recipes/combat/iron_boots": {
    "criteria": {
      "has_iron_ingot": "2024-09-22 05:19:09 +0000"
    },
    "done": true
  },
  "supplementaries:recipes/bubble_blower": {
    "criteria": {
      "has_iron_ingot": "2024-09-22 05:19:09 +0000"
    },
    "done": true
  },
  "valhelsia_structures:recipes/building_blocks/pink_metal_framed_glass": {
    "criteria": {
      "has_ingots/iron": "2024-09-22 05:19:09 +0000"
    },
    "done": true
  },
  "valhelsia_structures:recipes/building_blocks/light_gray_metal_framed_glass": {
    "criteria": {
      "has_ingots/iron": "2024-09-22 05:19:09 +0000"
    },
    "done": true
  },
  "farmersdelight:recipes/combat/iron_knife": {
    "criteria": {
      "has_iron_ingot": "2024-09-22 05:19:09 +0000"
    },
    "done": true
  },
  "minecraft:recipes/misc/bucket": {
    "criteria": {
      "has_iron_ingot": "2024-09-22 05:19:09 +0000"
    },
    "done": true
  },
  "design_decor:recipes/building_blocks/metal_sheet_from_ingots_iron_stonecutting": {
    "criteria": {
      "has_ingots_iron": "2024-09-22 05:19:09 +0000"
    },
    "done": true
  },
  "supplementaries:recipes/candle_holders/candle_holder_pink": {
    "criteria": {
      "has_iron_ingot": "2024-09-22 05:19:09 +0000"
    },
    "done": true
  },
  "supplementaries:recipes/candle_holders/candle_holder_white": {
    "criteria": {
      "has_iron_ingot": "2024-09-22 05:19:09 +0000"
    },
    "done": true
  },
  "createdeco:recipes/decorations/iron_bars_overlay_from_stonecutting": {
    "criteria": {
      "has_item": "2024-09-22 05:19:09 +0000"
    },
    "done": true
  },
  "valhelsia_structures:recipes/building_blocks/blue_metal_framed_glass": {
    "criteria": {
      "has_ingots/iron": "2024-09-22 05:19:09 +0000"
    },
    "done": true
  },
  "supplementaries:recipes/iron_gate": {
    "criteria": {
      "has_iron_ingot": "2024-09-22 05:19:09 +0000"
    },
    "done": true
  },
  "minecraft:recipes/combat/shield": {
    "criteria": {
      "has_iron_ingot": "2024-09-22 05:19:09 +0000"
    },
    "done": true
  },
  "minecraft:recipes/decorations/iron_bars": {
    "criteria": {
      "has_iron_ingot": "2024-09-22 05:19:09 +0000"
    },
    "done": true
  },
  "supplementaries:recipes/candle_holders/candle_holder_green": {
    "criteria": {
      "has_iron_ingot": "2024-09-22 05:19:09 +0000"
    },
    "done": true
  },
  "valhelsia_structures:recipes/building_blocks/green_metal_framed_glass": {
    "criteria": {
      "has_ingots/iron": "2024-09-22 05:19:09 +0000"
    },
    "done": true
  },
  "valhelsia_structures:recipes/building_blocks/magenta_metal_framed_glass": {
    "criteria": {
      "has_ingots/iron": "2024-09-22 05:19:09 +0000"
    },
    "done": true
  },
  "supplementaries:recipes/candle_holders/candle_holder": {
    "criteria": {
      "has_iron_ingot": "2024-09-22 05:19:09 +0000"
    },
    "done": true
  },
  "minecraft:recipes/tools/iron_axe": {
    "criteria": {
      "has_iron_ingot": "2024-09-22 05:19:09 +0000"
    },
    "done": true
  },
  "valhelsia_structures:recipes/building_blocks/brown_metal_framed_glass": {
    "criteria": {
      "has_ingots/iron": "2024-09-22 05:19:09 +0000"
    },
    "done": true
  },
  "design_decor:recipes/building_blocks/metal_plate_wall_from_ingots_iron_stonecutting": {
    "criteria": {
      "has_ingots_iron": "2024-09-22 05:19:09 +0000"
    },
    "done": true
  },
  "valhelsia_structures:recipes/building_blocks/yellow_metal_framed_glass": {
    "criteria": {
      "has_ingots/iron": "2024-09-22 05:19:09 +0000"
    },
    "done": true
  },
  "mcwwindows:recipes/metal": {
    "criteria": {
      "has_wood": "2024-09-22 05:19:09 +0000"
    },
    "done": true
  },
  "supplementaries:recipes/candle_holders/candle_holder_yellow": {
    "criteria": {
      "has_iron_ingot": "2024-09-22 05:19:09 +0000"
    },
    "done": true
  },
  "create:recipes/building_blocks/industrial_iron_block_from_ingots_iron_stonecutting": {
    "criteria": {
      "has_ingots_iron": "2024-09-22 05:19:09 +0000"
    },
    "done": true
  },
  "minecraft:recipes/redstone/iron_door": {
    "criteria": {
      "has_iron_ingot": "2024-09-22 05:19:09 +0000"
    },
    "done": true
  },
  "design_decor:recipes/building_blocks/metal_sheet_wall_from_ingots_iron_stonecutting": {
    "criteria": {
      "has_ingots_iron": "2024-09-22 05:19:09 +0000"
    },
    "done": true
  },
  "createbigcannons:recipes/misc/shot_balls": {
    "criteria": {
      "has_iron_ingot": "2024-09-22 05:19:09 +0000"
    },
    "done": true
  },
  "ae2:recipes/misc/decorative/light_detector": {
    "criteria": {
      "has_iron_ingot": "2024-09-22 05:19:09 +0000"
    },
    "done": true
  },
  "supplementaries:recipes/candle_holders/candle_holder_light_blue": {
    "criteria": {
      "has_iron_ingot": "2024-09-22 05:19:09 +0000"
    },
    "done": true
  },
  "shieldexp:recipes/iron_shield": {
    "criteria": {
      "has_iron_ingot": "2024-09-22 05:19:09 +0000"
    },
    "done": true
  },
  "valhelsia_structures:recipes/building_blocks/white_metal_framed_glass": {
    "criteria": {
      "has_ingots/iron": "2024-09-22 05:19:09 +0000"
    },
    "done": true
  },
  "supplementaries:recipes/bomb": {
    "criteria": {
      "has_iron_ingot": "2024-09-22 05:19:09 +0000"
    },
    "done": true
  },
  "createdeco:recipes/decorations/iron_ladder_from_stonecutting": {
    "criteria": {
      "has_item": "2024-09-22 05:19:09 +0000"
    },
    "done": true
  },
  "minecraft:recipes/decorations/lantern": {
    "criteria": {
      "has_iron_ingot": "2024-09-22 05:19:09 +0000"
    },
    "done": true
  },
  "nethersdelight:recipes/tools/iron_machete": {
    "criteria": {
      "has_iron_ingot": "2024-09-22 05:19:09 +0000"
    },
    "done": true
  },
  "mcwdoors:recipes/metal": {
    "criteria": {
      "has_wood": "2024-09-22 05:19:09 +0000"
    },
    "done": true
  },
  "valhelsia_structures:recipes/building_blocks/orange_metal_framed_glass": {
    "criteria": {
      "has_ingots/iron": "2024-09-22 05:19:09 +0000"
    },
    "done": true
  },
  "createbigcannons:recipes/misc/solid_shot": {
    "criteria": {
      "has_iron_ingot": "2024-09-22 05:19:09 +0000"
    },
    "done": true
  },
  "minecraft:recipes/combat/iron_leggings": {
    "criteria": {
      "has_iron_ingot": "2024-09-22 05:19:09 +0000"
    },
    "done": true
  },
  "minecraft:recipes/tools/iron_hoe": {
    "criteria": {
      "has_iron_ingot": "2024-09-22 05:19:09 +0000"
    },
    "done": true
  },
  "mcwlights:recipes/lava_lamp": {
    "criteria": {
      "has_wood": "2024-09-22 05:19:09 +0000"
    },
    "done": true
  },
  "valhelsia_structures:recipes/building_blocks/gray_metal_framed_glass": {
    "criteria": {
      "has_ingots/iron": "2024-09-22 05:19:09 +0000"
    },
    "done": true
  },
  "createdeco:recipes/decorations/iron_support": {
    "criteria": {
      "has_item": "2024-09-22 05:19:09 +0000"
    },
    "done": true
  },
  "handcrafted:recipes/misc/bench": {
    "criteria": {
      "has_bench": "2024-09-22 05:19:09 +0000"
    },
    "done": true
  },
  "aether:recipes/combat/iron_ring": {
    "criteria": {
      "has_iron_ingot": "2024-09-22 05:19:09 +0000"
    },
    "done": true
  },
  "betterarcheology:recipes/tools/iron_brush": {
    "criteria": {
      "has_iron_ingot": "2024-09-22 05:19:09 +0000"
    },
    "done": true
  },
  "supplementaries:recipes/candle_holders/candle_holder_cyan": {
    "criteria": {
      "has_iron_ingot": "2024-09-22 05:19:09 +0000"
    },
    "done": true
  },
  "immersive_aircraft:misc/aircraftery": {
    "criteria": {
      "has_item": "2024-09-22 05:19:09 +0000"
    },
    "done": true
  },
  "createdeco:recipes/decorations/iron_catwalk_from_stonecutting": {
    "criteria": {
      "has_item": "2024-09-22 05:19:09 +0000"
    },
    "done": true
  },
  "create:recipes/misc/crafting/materials/andesite_alloy": {
    "criteria": {
      "has_item": "2024-09-22 05:19:09 +0000"
    },
    "done": true
  },
  "mcwbridges:recipes/iron_bridge_pier": {
    "criteria": {
      "has_planks": "2024-09-22 05:19:09 +0000"
    },
    "done": true
  },
  "valhelsia_structures:recipes/building_blocks/cyan_metal_framed_glass": {
    "criteria": {
      "has_ingots/iron": "2024-09-22 05:19:09 +0000"
    },
    "done": true
  },
  "chimes:recipes/decorations/iron_chimes": {
    "criteria": {
      "has_wood_slabs": "2024-09-22 05:19:09 +0000"
    },
    "done": true
  },
  "minecraft:recipes/redstone/hopper": {
    "criteria": {
      "has_iron_ingot": "2024-09-22 05:19:09 +0000"
    },
    "done": true
  },
  "aether:recipes/combat/iron_gloves": {
    "criteria": {
      "has_iron": "2024-09-22 05:19:09 +0000"
    },
    "done": true
  },
  "valhelsia_structures:recipes/building_blocks/purple_metal_framed_glass": {
    "criteria": {
      "has_ingots/iron": "2024-09-22 05:19:09 +0000"
    },
    "done": true
  },
  "supplementaries:recipes/candle_holders/candle_holder_orange": {
    "criteria": {
      "has_iron_ingot": "2024-09-22 05:19:09 +0000"
    },
    "done": true
  },
  "supplementaries:recipes/candle_holders/candle_holder_red": {
    "criteria": {
      "has_iron_ingot": "2024-09-22 05:19:09 +0000"
    },
    "done": true
  },
  "design_decor:recipes/building_blocks/metal_plate_stairs_from_ingots_iron_stonecutting": {
    "criteria": {
      "has_ingots_iron": "2024-09-22 05:19:09 +0000"
    },
    "done": true
  },
  "mcwbridges:recipes/iron_bridge": {
    "criteria": {
      "has_planks": "2024-09-22 05:19:09 +0000"
    },
    "done": true
  },
  "ironchest:recipes/decorations/chests/vanilla_iron_chest": {
    "criteria": {
      "has_iron_ingot": "2024-09-22 05:19:09 +0000"
    },
    "done": true
  },
  "minecraft:recipes/redstone/iron_trapdoor": {
    "criteria": {
      "has_iron_ingot": "2024-09-22 05:19:09 +0000"
    },
    "done": true
  },
  "supplementaries:recipes/candle_holders/candle_holder_magenta": {
    "criteria": {
      "has_iron_ingot": "2024-09-22 05:19:09 +0000"
    },
    "done": true
  },
  "valhelsia_structures:recipes/building_blocks/lime_metal_framed_glass": {
    "criteria": {
      "has_ingots/iron": "2024-09-22 05:19:09 +0000"
    },
    "done": true
  },
  "valhelsia_structures:recipes/building_blocks/light_blue_metal_framed_glass": {
    "criteria": {
      "has_ingots/iron": "2024-09-22 05:19:09 +0000"
    },
    "done": true
  },
  "minecraft:recipes/combat/iron_chestplate": {
    "criteria": {
      "has_iron_ingot": "2024-09-22 05:19:09 +0000"
    },
    "done": true
  },
  "minecraft:recipes/misc/iron_nugget": {
    "criteria": {
      "has_iron_ingot": "2024-09-22 05:19:09 +0000"
    },
    "done": true
  },
  "minecraft:story/smelt_iron": {
    "criteria": {
      "iron": "2024-09-22 05:19:09 +0000"
    },
    "done": true
  },
  "valhelsia_structures:recipes/building_blocks/black_metal_framed_glass": {
    "criteria": {
      "has_ingots/iron": "2024-09-22 05:19:09 +0000"
    },
    "done": true
  },
  "mcwtrpdoors:recipes/metal/metal_trapdoor": {
    "criteria": {
      "has_logs": "2024-09-22 05:19:09 +0000"
    },
    "done": true
  },
  "create:recipes/misc/crafting/kinetics/empty_blaze_burner": {
    "criteria": {
      "has_item": "2024-09-22 05:19:09 +0000"
    },
    "done": true
  },
  "supplementaries:recipes/candle_holders/candle_holder_brown": {
    "criteria": {
      "has_iron_ingot": "2024-09-22 05:19:09 +0000"
    },
    "done": true
  },
  "minecraft:recipes/combat/iron_sword": {
    "criteria": {
      "has_iron_ingot": "2024-09-22 05:19:09 +0000"
    },
    "done": true
  },
  "design_decor:recipes/building_blocks/metal_plate_slab_from_ingots_iron_stonecutting": {
    "criteria": {
      "has_ingots_iron": "2024-09-22 05:19:09 +0000"
    },
    "done": true
  },
  "minecraft:recipes/tools/iron_pickaxe": {
    "criteria": {
      "has_iron_ingot": "2024-09-22 05:19:09 +0000"
    },
    "done": true
  },
  "supplementaries:recipes/candle_holders/candle_holder_black": {
    "criteria": {
      "has_iron_ingot": "2024-09-22 05:19:09 +0000"
    },
    "done": true
  },
  "aether:recipes/decorations/skyroot_smithing_table": {
    "criteria": {
      "has_iron_ingot": "2024-09-22 05:19:09 +0000"
    },
    "done": true
  },
  "aether:recipes/combat/skyroot_iron_vanilla_shield": {
    "criteria": {
      "has_iron_ingot": "2024-09-22 05:19:09 +0000"
    },
    "done": true
  },
  "valhelsia_structures:recipes/building_blocks/red_metal_framed_glass": {
    "criteria": {
      "has_ingots/iron": "2024-09-22 05:19:09 +0000"
    },
    "done": true
  },
  "witherstormmod:recipes/tools/amulet": {
    "criteria": {
      "has_iron_ingot": "2024-09-22 05:19:09 +0000"
    },
    "done": true
  },
  "mcwbridges:recipes/pliers": {
    "criteria": {
      "has_planks": "2024-09-22 05:19:09 +0000"
    },
    "done": true
  },
  "mcwlights:recipes/garden_light": {
    "criteria": {
      "has_wood": "2024-09-22 05:19:09 +0000"
    },
    "done": true
  },
  "aether:recipes/combat/iron_pendant": {
    "criteria": {
      "has_iron_ingot": "2024-09-22 05:19:09 +0000"
    },
    "done": true
  },
  "mcwtrpdoors:recipes/metal/metal_warning_trapdoor": {
    "criteria": {
      "has_logs": "2024-09-22 05:19:09 +0000"
    },
    "done": true
  },
  "supplementaries:recipes/spring_launcher": {
    "criteria": {
      "has_iron_ingot": "2024-09-22 05:19:09 +0000"
    },
    "done": true
  },
  "design_decor:recipes/building_blocks/metal_support_from_ingots_iron_stonecutting": {
    "criteria": {
      "has_ingots_iron": "2024-09-22 05:19:09 +0000"
    },
    "done": true
  },
  "supplementaries:recipes/candle_holders/candle_holder_blue": {
    "criteria": {
      "has_iron_ingot": "2024-09-22 05:19:09 +0000"
    },
    "done": true
  },
  "supplementaries:recipes/candle_holders/candle_holder_lime": {
    "criteria": {
      "has_iron_ingot": "2024-09-22 05:19:09 +0000"
    },
    "done": true
  },
  "nethersdelight:recipes/decorations/blackstone_blast_furnace": {
    "criteria": {
      "has_iron": "2024-09-22 05:19:09 +0000"
    },
    "done": true
  },
  "minecraft:recipes/tools/shears": {
    "criteria": {
      "has_iron_ingot": "2024-09-22 05:19:09 +0000"
    },
    "done": true
  },
  "supplementaries:recipes/cage": {
    "criteria": {
      "has_iron_ingot": "2024-09-22 05:19:09 +0000"
    },
    "done": true
  },
  "minecraft:recipes/building_blocks/iron_block": {
    "criteria": {
      "has_iron_ingot": "2024-09-22 05:19:09 +0000"
    },
    "done": true
  },
  "farmersdelight:recipes/decorations/cooking_pot": {
    "criteria": {
      "has_iron_ingot": "2024-09-22 05:19:09 +0000"
    },
    "done": true
  },
  "createdeco:recipes/decorations/iron_mesh_fence_from_stonecutting": {
    "criteria": {
      "has_item": "2024-09-22 05:19:09 +0000"
    },
    "done": true
  },
  "mighty_mail:recipes/decorations/post_box": {
    "criteria": {
      "has_ingots": "2024-09-22 05:19:09 +0000"
    },
    "done": true
  },
  "supplementaries:recipes/candle_holders/candle_holder_purple": {
    "criteria": {
      "has_iron_ingot": "2024-09-22 05:19:09 +0000"
    },
    "done": true
  },
  "minecraft:recipes/tools/iron_shovel": {
    "criteria": {
      "has_iron_ingot": "2024-09-22 05:19:09 +0000"
    },
    "done": true
  },
  "ironchest:recipes/decorations/upgrades/copper_to_iron_chest_upgrade": {
    "criteria": {
      "has_iron_ingot": "2024-09-22 05:19:09 +0000"
    },
    "done": true
  },
  "mcwtrpdoors:recipes/metal/metal_full_trapdoor": {
    "criteria": {
      "has_logs": "2024-09-22 05:19:09 +0000"
    },
    "done": true
  },
  "createdeco:recipes/decorations/iron_catwalk_railing_from_stonecutting": {
    "criteria": {
      "has_item": "2024-09-22 05:19:09 +0000"
    },
    "done": true
  },
  "minecraft:recipes/combat/crossbow": {
    "criteria": {
      "has_iron_ingot": "2024-09-22 05:19:09 +0000"
    },
    "done": true
  },
  "minecraft:recipes/redstone/heavy_weighted_pressure_plate": {
    "criteria": {
      "has_iron_ingot": "2024-09-22 05:19:09 +0000"
    },
    "done": true
  },
  "minecraft:recipes/transportation/minecart": {
    "criteria": {
      "has_iron_ingot": "2024-09-22 05:19:09 +0000"
    },
    "done": true
  },
  "createdeco:recipes/decorations/iron_support_wedge_from_stonecutting": {
    "criteria": {
      "has_item": "2024-09-22 05:19:09 +0000"
    },
    "done": true
  },
  "aquaculture:recipes/tools/iron_fillet_knife": {
    "criteria": {
      "has_items": "2024-09-22 05:19:09 +0000"
    },
    "done": true
  },
  "minecraft:recipes/decorations/chain": {
    "criteria": {
      "has_iron_ingot": "2024-09-22 05:19:09 +0000"
    },
    "done": true
  },
  "minecraft:recipes/decorations/smithing_table": {
    "criteria": {
      "has_iron_ingot": "2024-09-22 05:19:09 +0000"
    },
    "done": true
  },
  "design_decor:recipes/building_blocks/metal_sheet_stairs_from_ingots_iron_stonecutting": {
    "criteria": {
      "has_ingots_iron": "2024-09-22 05:19:09 +0000"
    },
    "done": true
  },
  "supplementaries:recipes/goblet": {
    "criteria": {
      "has_iron_ingot": "2024-09-22 05:19:09 +0000"
    },
    "done": true
  },
  "mcwlights:recipes/iron_stuff": {
    "criteria": {
      "has_wood": "2024-09-22 05:19:09 +0000"
    },
    "done": true
  },
  "design_decor:recipes/building_blocks/metal_sheet_slab_from_ingots_iron_stonecutting": {
    "criteria": {
      "has_ingots_iron": "2024-09-22 05:19:09 +0000"
    },
    "done": true
  },
  "ironchest:recipes/decorations/upgrades/iron_to_gold_chest_upgrade": {
    "criteria": {
      "has_iron_ingot": "2024-09-22 05:19:09 +0000"
    },
    "done": true
  },
  "createbigcannons:recipes/misc/bag_of_grapeshot": {
    "criteria": {
      "has_iron_ingot": "2024-09-22 05:19:09 +0000"
    },
    "done": true
  },
  "exposure:recipes/tools/camera": {
    "criteria": {
      "has_iron": "2024-09-22 05:19:09 +0000"
    },
    "done": true
  },
  "design_decor:recipes/building_blocks/metal_plate_from_ingots_iron_stonecutting": {
    "criteria": {
      "has_ingots_iron": "2024-09-22 05:19:09 +0000"
    },
    "done": true
  },
  "advancednetherite:recipes/misc/netherite_iron_ingot": {
    "criteria": {
      "has_TagKey[minecraft:item / forge:ingots/iron]": "2024-09-22 05:19:09 +0000"
    },
    "done": true
  },
  "design_decor:recipes/building_blocks/diagonal_metal_support_from_ingots_iron_stonecutting": {
    "criteria": {
      "has_ingots_iron": "2024-09-22 05:19:09 +0000"
    },
    "done": true
  },
  "rechiseled:recipes/misc/chisel": {
    "criteria": {
      "recipe_condition": "2024-09-22 05:19:09 +0000"
    },
    "done": true
  },
  "aether:recipes/misc/aether_iron_nugget_from_blasting": {
    "criteria": {
      "has_iron_gloves": "2024-09-22 05:19:15 +0000"
    },
    "done": true
  },
  "aether:recipes/combat/iron_gloves_repairing": {
    "criteria": {
      "has_iron_gloves": "2024-09-22 05:19:15 +0000"
    },
    "done": true
  },
  "aether:recipes/misc/aether_iron_nugget_from_smelting": {
    "criteria": {
      "has_iron_gloves": "2024-09-22 05:19:15 +0000"
    },
    "done": true
  },
  "minecraft:recipes/misc/red_dye_from_poppy": {
    "criteria": {
      "has_poppy": "2024-09-22 05:19:30 +0000"
    },
    "done": true
  },
  "morevillagers:recipes/gardening_table": {
    "criteria": {
      "has_flower": "2024-09-22 05:19:30 +0000"
    },
    "done": true
  },
  "minecraft:adventure/sleep_in_bed": {
    "criteria": {
      "slept_in_bed": "2024-09-22 05:19:31 +0000"
    },
    "done": true
  },
  "minecraft:story/obtain_armor": {
    "criteria": {
      "iron_helmet": "2024-09-22 05:20:16 +0000"
    },
    "done": true
  },
  "buildinggadgets2:recipes/misc/gadget_copy_paste": {
    "criteria": {
      "has_emerald": "2024-09-22 05:20:16 +0000"
    },
    "done": true
  },
  "aether:recipes/combat/iron_helmet_repairing": {
    "criteria": {
      "has_iron_helmet": "2024-09-22 05:20:16 +0000"
    },
    "done": true
  },
  "minecraft:recipes/misc/iron_nugget_from_smelting": {
    "criteria": {
      "has_iron_helmet": "2024-09-22 05:20:16 +0000"
    },
    "done": true
  },
  "minecraft:recipes/building_blocks/emerald_block": {
    "criteria": {
      "has_emerald": "2024-09-22 05:20:16 +0000"
    },
    "done": true
  },
  "additionallanterns:recipes/misc/emerald_chain": {
    "criteria": {
      "recipe_condition": "2024-09-22 05:20:16 +0000"
    },
    "done": true
  },
  "advancednetherite:recipes/misc/netherite_emerald_ingot": {
    "criteria": {
      "has_TagKey[minecraft:item / forge:gems/emerald]": "2024-09-22 05:20:16 +0000"
    },
    "done": true
  },
  "minecraft:recipes/misc/iron_nugget_from_blasting": {
    "criteria": {
      "has_iron_helmet": "2024-09-22 05:20:16 +0000"
    },
    "done": true
  },
  "minecraft:husbandry/balanced_diet": {
    "criteria": {
      "cooked_porkchop": "2024-09-22 05:41:53 +0000",
      "apple": "2024-09-22 05:35:36 +0000",
      "bread": "2024-09-22 05:20:26 +0000"
    },
    "done": false
  },
  "minecraft:recipes/food/baked_potato_from_campfire_cooking": {
    "criteria": {
      "has_potato": "2024-09-22 05:21:53 +0000"
    },
    "done": true
  },
  "farmersdelight:recipes/cooking/beef_stew": {
    "criteria": {
      "has_any_ingredient": "2024-09-22 05:21:53 +0000"
    },
    "done": true
  },
  "farmersdelight:recipes/cooking/baked_cod_stew": {
    "criteria": {
      "has_any_ingredient": "2024-09-22 05:21:53 +0000"
    },
    "done": true
  },
  "minecraft:recipes/food/baked_potato_from_smoking": {
    "criteria": {
      "has_potato": "2024-09-22 05:21:53 +0000"
    },
    "done": true
  },
  "minecraft:recipes/food/baked_potato": {
    "criteria": {
      "has_potato": "2024-09-22 05:21:53 +0000"
    },
    "done": true
  },
  "farmersdelight:recipes/cooking/apple_cider": {
    "criteria": {
      "has_apple": "2024-09-22 05:21:54 +0000"
    },
    "done": true
  },
  "exoticbirds:recipes/ambrosia": {
    "criteria": {
      "has_apple": "2024-09-22 05:21:54 +0000"
    },
    "done": true
  },
  "delightful:recipes/food/cooking/jelly_bottle": {
    "criteria": {
      "has_sweet_fruit": "2024-09-22 05:21:54 +0000"
    },
    "done": true
  },
  "delightful:recipes/food/cooking/sinigang_no_ginger_citrus": {
    "criteria": {
      "has_ginger": "2024-09-22 05:21:54 +0000"
    },
    "done": true
  },
  "aether:recipes/decorations/skyroot_loom": {
    "criteria": {
      "has_string": "2024-09-22 05:38:02 +0000"
    },
    "done": true
  },
  "additionallanterns:recipes/misc/normal_lantern_magenta": {
    "criteria": {
      "recipe_condition": "2024-09-22 05:34:54 +0000"
    },
    "done": true
  },
  "aether:recipes/combat/bow_repairing": {
    "criteria": {
      "has_bow": "2024-09-22 05:38:19 +0000"
    },
    "done": true
  },
  "exposure:adventure/moment_in_time": {
    "criteria": {
      "get_photograph": "2024-09-22 05:38:29 +0000"
    },
    "done": true
  },
  "aether:recipes/combat/iron_chestplate_repairing": {
    "criteria": {
      "has_iron_chestplate": "2024-09-22 05:35:58 +0000"
    },
    "done": true
  },
  "additionallanterns:recipes/misc/normal_lantern_light_gray": {
    "criteria": {
      "recipe_condition": "2024-09-22 05:34:54 +0000"
    },
    "done": true
  },
  "additionallanterns:recipes/misc/normal_lantern_black": {
    "criteria": {
      "recipe_condition": "2024-09-22 05:34:54 +0000"
    },
    "done": true
  },
  "minecraft:recipes/combat/bow": {
    "criteria": {
      "has_string": "2024-09-22 05:38:02 +0000"
    },
    "done": true
  },
  "aether:recipes/combat/iron_leggings_repairing": {
    "criteria": {
      "has_iron_leggings": "2024-09-22 05:43:36 +0000"
    },
    "done": true
  },
  "additionallanterns:recipes/misc/normal_lantern_cyan": {
    "criteria": {
      "recipe_condition": "2024-09-22 05:34:54 +0000"
    },
    "done": true
  },
  "additionallanterns:recipes/misc/normal_lantern_brown": {
    "criteria": {
      "recipe_condition": "2024-09-22 05:34:54 +0000"
    },
    "done": true
  },
  "aether:recipes/combat/shield_repairing": {
    "criteria": {
      "has_shield": "2024-09-22 05:37:14 +0000"
    },
    "done": true
  },
  "additionallanterns:recipes/misc/normal_lantern_purple": {
    "criteria": {
      "recipe_condition": "2024-09-22 05:34:54 +0000"
    },
    "done": true
  },
  "exposure:recipes/tools/photograph_frame": {
    "criteria": {
      "has_photograph": "2024-09-22 05:38:29 +0000"
    },
    "done": true
  },
  "supplementaries:recipes/sack": {
    "criteria": {
      "has_string": "2024-09-22 05:38:02 +0000"
    },
    "done": true
  },
  "minecraft:recipes/tools/fishing_rod": {
    "criteria": {
      "has_string": "2024-09-22 05:38:02 +0000"
    },
    "done": true
  },
  "additionallanterns:recipes/misc/normal_lantern_yellow": {
    "criteria": {
      "recipe_condition": "2024-09-22 05:34:54 +0000"
    },
    "done": true
  },
  "minecraft:recipes/building_blocks/white_wool_from_string": {
    "criteria": {
      "has_string": "2024-09-22 05:38:02 +0000"
    },
    "done": true
  },
  "minecraft:recipes/decorations/loom": {
    "criteria": {
      "has_string": "2024-09-22 05:38:02 +0000"
    },
    "done": true
  },
  "minecraft:recipes/redstone/tripwire_hook": {
    "criteria": {
      "has_string": "2024-09-22 05:38:02 +0000"
    },
    "done": true
  },
  "minecraft:recipes/decorations/candle": {
    "criteria": {
      "has_string": "2024-09-22 05:38:02 +0000"
    },
    "done": true
  },
  "additionallanterns:recipes/misc/normal_lantern_blue": {
    "criteria": {
      "recipe_condition": "2024-09-22 05:34:54 +0000"
    },
    "done": true
  },
  "additionallanterns:recipes/misc/normal_lantern_lime": {
    "criteria": {
      "recipe_condition": "2024-09-22 05:34:54 +0000"
    },
    "done": true
  },
  "aether:recipes/redstone/skyroot_tripwire_hook": {
    "criteria": {
      "has_string": "2024-09-22 05:38:02 +0000"
    },
    "done": true
  },
  "aether:recipes/combat/iron_sword_repairing": {
    "criteria": {
      "has_iron_sword": "2024-09-22 05:46:43 +0000"
    },
    "done": true
  },
  "additionallanterns:recipes/misc/normal_lantern_white": {
    "criteria": {
      "recipe_condition": "2024-09-22 05:34:54 +0000"
    },
    "done": true
  },
  "additionallanterns:recipes/misc/normal_lantern_green": {
    "criteria": {
      "recipe_condition": "2024-09-22 05:34:54 +0000"
    },
    "done": true
  },
  "minecraft:recipes/redstone/dispenser": {
    "criteria": {
      "has_bow": "2024-09-22 05:38:19 +0000"
    },
    "done": true
  },
  "blue_skies:recipes/building_blocks/food_prep_table": {
    "criteria": {
      "has_item": "2024-09-22 05:38:29 +0000"
    },
    "done": true
  },
  "additionallanterns:recipes/misc/normal_lantern_light_blue": {
    "criteria": {
      "recipe_condition": "2024-09-22 05:34:54 +0000"
    },
    "done": true
  },
  "minecraft:recipes/decorations/smoker": {
    "criteria": {
      "has_furnace": "2024-09-22 05:38:29 +0000"
    },
    "done": true
  },
  "minecraft:recipes/misc/yellow_dye_from_dandelion": {
    "criteria": {
      "has_dandelion": "2024-09-22 05:38:29 +0000"
    },
    "done": true
  },
  "additionallanterns:recipes/misc/normal_lantern_colorless": {
    "criteria": {
      "recipe_condition": "2024-09-22 05:34:54 +0000"
    },
    "done": true
  },
  "additionallanterns:recipes/misc/normal_lantern_orange": {
    "criteria": {
      "recipe_condition": "2024-09-22 05:34:54 +0000"
    },
    "done": true
  },
  "minecraft:recipes/misc/raw_iron": {
    "criteria": {
      "has_raw_iron_block": "2024-09-22 05:43:52 +0000"
    },
    "done": true
  },
  "aether:recipes/combat/iron_boots_repairing": {
    "criteria": {
      "has_iron_boots": "2024-09-22 05:44:18 +0000"
    },
    "done": true
  },
  "additionallanterns:recipes/misc/normal_lantern_gray": {
    "criteria": {
      "recipe_condition": "2024-09-22 05:34:54 +0000"
    },
    "done": true
  },
  "exoticbirds:recipes/pigeon_backpack": {
    "criteria": {
      "has_chest": "2024-09-22 05:38:30 +0000"
    },
    "done": true
  },
  "aether:recipes/combat/chainmail_helmet_repairing": {
    "criteria": {
      "has_chainmail_helmet": "2024-09-22 05:44:04 +0000"
    },
    "done": true
  },
  "minecraft:recipes/food/cooked_beef": {
    "criteria": {
      "has_the_recipe": "2024-09-22 05:38:21 +0000"
    },
    "done": true
  },
  "additionallanterns:recipes/misc/normal_lantern_pink": {
    "criteria": {
      "recipe_condition": "2024-09-22 05:34:54 +0000"
    },
    "done": true
  },
  "additionallanterns:recipes/misc/normal_lantern_red": {
    "criteria": {
      "recipe_condition": "2024-09-22 05:34:54 +0000"
    },
    "done": true
  },
  "the_bumblezone:teleportation/is_near_beehive": {
    "criteria": {
      "is_near_beehive": "2024-09-22 05:43:17 +0000"
    },
    "done": true
  },
  "twilightdelight:recipes/frozen/cutting/ice_bow": {
    "criteria": {
      "has_bow": "2024-09-22 05:38:19 +0000"
    },
    "done": true
  },
  "DataVersion": 3465
}